company,dif,timestamp
ACCIONA,3.66,15:44:42
ACS,0.5,15:44:01
ALMIRALL,2.66,15:44:27
AMADEUS,0.94,15:39:19
BANKINTER,0.15,15:44:49
CAIXABANK,1.21,15:42:13
CELLNEX,2.59,15:43:17
ENAGAS,0.79,15:44:51
ENDESA,2.78,15:44:29
FERROVIAL,0.17,15:43:54
FLUIDRA,1.4,15:44:52
GRIFOLS CL.A,0.92,15:44:29
IAG,0.95,15:44:53
IBERDROLA,4.09,15:43:39
INDITEX,1.26,15:42:47
INM.COLONIAL,0.97,15:44:13
MAPFRE,1.24,15:43:00
MELIA HOTELS,0.68,15:44:54
MERLIN,0.09,15:44:39
NATURGY,3.46,15:44:40
PHARMA MAR,1.65,15:44:51
R.E.C.,2.38,15:44:49
REPSOL,2.69,15:44:43
ROVI,0.59,15:44:07
SIEMENS GAME,7.74,15:44:45
SOLARIA,6.66,15:37:36
TELEFONICA,1.1,15:43:29
ACERINOX,-1.26,15:42:26
AENA,-0.21,15:43:32
ARCELORMIT.,-2.75,15:43:12
B.SANTANDER,-1.1,15:44:54
BA.SABADELL,-0.32,15:44:39
BBVA,-1.6,15:43:33
CIE AUTOMOT.,-2.82,15:44:33
INDRA A,-0.99,15:44:50
ACCIONA,3.66,15:44:42
ACS,0.5,15:44:01
ALMIRALL,2.66,15:44:27
AMADEUS,0.94,15:39:19
BANKINTER,0.15,15:44:49
CAIXABANK,1.21,15:42:13
CELLNEX,2.59,15:43:17
ENAGAS,0.79,15:44:51
ENDESA,2.78,15:44:29
FERROVIAL,0.17,15:43:54
FLUIDRA,1.4,15:44:52
GRIFOLS CL.A,0.92,15:44:29
IAG,0.95,15:44:53
IBERDROLA,4.09,15:43:39
INDITEX,1.26,15:42:47
INM.COLONIAL,0.97,15:44:13
MAPFRE,1.24,15:43:00
MELIA HOTELS,0.68,15:44:54
MERLIN,0.09,15:44:39
NATURGY,3.46,15:44:40
PHARMA MAR,1.65,15:44:51
R.E.C.,2.38,15:44:49
REPSOL,2.69,15:44:43
ROVI,0.59,15:44:07
SIEMENS GAME,7.74,15:44:45
SOLARIA,6.66,15:37:36
TELEFONICA,1.1,15:43:29
ACERINOX,-1.26,15:42:26
AENA,-0.21,15:43:32
ARCELORMIT.,-2.75,15:43:12
B.SANTANDER,-1.1,15:44:54
BA.SABADELL,-0.32,15:44:39
BBVA,-1.6,15:43:33
CIE AUTOMOT.,-2.82,15:44:33
INDRA A,-0.99,15:44:50
ACCIONA,3.6,15:45:11
ACS,0.5,15:45:01
ALMIRALL,2.58,15:44:27
AMADEUS,1.05,15:39:19
BANKINTER,0.15,15:45:25
CAIXABANK,1.21,15:45:20
CELLNEX,2.61,15:43:17
ENAGAS,0.79,15:45:19
ENDESA,2.86,15:45:25
FERROVIAL,0.21,15:43:54
FLUIDRA,1.4,15:45:27
GRIFOLS CL.A,0.98,15:44:29
IAG,0.98,15:45:19
IBERDROLA,4.19,15:45:30
INDITEX,1.46,15:42:47
INM.COLONIAL,1.09,15:45:31
MAPFRE,1.29,15:45:27
MELIA HOTELS,0.83,15:44:54
MERLIN,0.09,15:45:09
NATURGY,3.46,15:45:18
PHARMA MAR,1.65,15:45:30
R.E.C.,2.54,15:45:30
REPSOL,2.69,15:44:43
ROVI,0.59,15:45:27
SIEMENS GAME,7.96,15:45:29
SOLARIA,6.85,15:45:28
TELEFONICA,1.08,15:43:29
ACERINOX,-1.32,15:42:26
AENA,-0.21,15:43:32
ARCELORMIT.,-2.75,15:45:23
B.SANTANDER,-1.13,15:45:28
BA.SABADELL,-0.32,15:44:39
BBVA,-1.62,15:45:28
CIE AUTOMOT.,-2.72,15:45:28
INDRA A,-0.99,15:45:14
ACCIONA,3.6,15:45:11
ACS,0.5,15:45:01
ALMIRALL,2.58,15:44:27
AMADEUS,1.05,15:39:19
BANKINTER,0.15,15:45:25
CAIXABANK,1.21,15:45:20
CELLNEX,2.61,15:43:17
ENAGAS,0.79,15:45:19
ENDESA,2.86,15:45:25
FERROVIAL,0.21,15:43:54
FLUIDRA,1.4,15:45:27
GRIFOLS CL.A,0.98,15:44:29
IAG,0.98,15:45:19
IBERDROLA,4.24,15:45:30
INDITEX,1.46,15:45:32
INM.COLONIAL,1.09,15:45:31
MAPFRE,1.29,15:45:27
MELIA HOTELS,0.83,15:44:54
MERLIN,0.09,15:45:09
NATURGY,3.46,15:45:18
PHARMA MAR,1.65,15:45:32
R.E.C.,2.54,15:45:30
REPSOL,2.69,15:44:43
ROVI,0.59,15:45:27
SIEMENS GAME,7.96,15:45:29
SOLARIA,6.85,15:45:28
TELEFONICA,1.08,15:45:31
ACERINOX,-1.32,15:42:26
AENA,-0.21,15:43:32
ARCELORMIT.,-2.75,15:45:23
B.SANTANDER,-1.13,15:45:28
BA.SABADELL,-0.32,15:44:39
BBVA,-1.62,15:45:28
CIE AUTOMOT.,-2.72,15:45:28
INDRA A,-0.99,15:45:14
ACCIONA,3.6,15:45:11
ACS,0.5,15:45:01
ALMIRALL,2.58,15:44:27
AMADEUS,1.05,15:39:19
BANKINTER,0.15,15:45:25
CAIXABANK,1.21,15:45:20
CELLNEX,2.61,15:43:17
ENAGAS,0.79,15:45:19
ENDESA,2.86,15:45:25
FERROVIAL,0.21,15:43:54
FLUIDRA,1.4,15:45:27
GRIFOLS CL.A,0.98,15:44:29
IAG,0.98,15:45:19
IBERDROLA,4.24,15:45:30
INDITEX,1.46,15:45:32
INM.COLONIAL,1.09,15:45:31
MAPFRE,1.29,15:45:27
MELIA HOTELS,0.83,15:44:54
MERLIN,0.09,15:45:09
NATURGY,3.46,15:45:18
PHARMA MAR,1.65,15:45:32
R.E.C.,2.54,15:45:30
REPSOL,2.69,15:44:43
ROVI,0.59,15:45:27
SIEMENS GAME,7.96,15:45:29
SOLARIA,6.85,15:45:28
TELEFONICA,1.08,15:45:31
ACERINOX,-1.32,15:42:26
AENA,-0.21,15:43:32
ARCELORMIT.,-2.75,15:45:23
B.SANTANDER,-1.13,15:45:28
BA.SABADELL,-0.32,15:44:39
BBVA,-1.62,15:45:28
CIE AUTOMOT.,-2.72,15:45:28
INDRA A,-0.99,15:45:14
ACCIONA,3.6,15:45:46
ACS,0.5,15:45:01
ALMIRALL,2.58,15:44:27
AMADEUS,1.05,15:39:19
BANKINTER,0.19,15:45:25
CAIXABANK,1.24,15:45:20
CELLNEX,2.57,15:43:17
ENAGAS,0.84,15:46:06
ENDESA,2.91,15:46:00
FERROVIAL,0.21,15:46:06
FLUIDRA,1.4,15:46:04
GRIFOLS CL.A,0.84,15:46:02
IAG,1.01,15:46:06
IBERDROLA,4.34,15:46:00
INDITEX,1.56,15:45:54
INM.COLONIAL,1.09,15:46:01
MAPFRE,1.29,15:46:06
MELIA HOTELS,0.83,15:44:54
MERLIN,0.09,15:45:56
NATURGY,3.46,15:45:52
PHARMA MAR,1.68,15:46:00
R.E.C.,2.54,15:46:05
REPSOL,2.53,15:44:43
ROVI,0.44,15:46:00
SIEMENS GAME,7.93,15:45:29
SOLARIA,6.85,15:46:05
TELEFONICA,1.13,15:46:03
ACERINOX,-1.32,15:42:26
AENA,-0.21,15:45:36
ARCELORMIT.,-2.75,15:46:00
B.SANTANDER,-1.05,15:46:05
BA.SABADELL,-0.24,15:45:56
BBVA,-1.48,15:45:41
CIE AUTOMOT.,-2.91,15:45:28
INDRA A,-0.99,15:46:06
ACCIONA,3.66,15:46:24
ACS,0.54,15:46:43
ALMIRALL,2.58,15:46:43
AMADEUS,1.15,15:46:27
BANKINTER,0.19,15:45:25
CAIXABANK,1.31,15:46:38
CELLNEX,2.64,15:46:38
ENAGAS,0.84,15:46:42
ENDESA,2.88,15:46:31
FERROVIAL,0.25,15:46:06
FLUIDRA,1.4,15:46:44
GRIFOLS CL.A,0.84,15:46:31
IAG,1.13,15:46:26
IBERDROLA,4.44,15:46:40
INDITEX,1.71,15:46:41
INM.COLONIAL,1.09,15:46:43
MAPFRE,1.29,15:46:43
MELIA HOTELS,0.9,15:46:38
MERLIN,0.09,15:45:56
NATURGY,3.46,15:46:43
PHARMA MAR,1.7,15:46:38
R.E.C.,2.38,15:46:30
REPSOL,2.57,15:44:43
ROVI,0.44,15:46:00
SIEMENS GAME,7.96,15:45:29
SOLARIA,6.81,15:46:31
TELEFONICA,1.22,15:46:30
ACERINOX,-1.32,15:42:26
AENA,-0.1,15:46:24
ARCELORMIT.,-2.92,15:46:28
B.SANTANDER,-1.0,15:46:29
BA.SABADELL,-0.13,15:45:56
BBVA,-1.5,15:46:43
CIE AUTOMOT.,-2.72,15:46:15
INDRA A,-0.99,15:46:44
ACCIONA,3.66,15:46:24
ACS,0.54,15:46:43
ALMIRALL,2.58,15:46:43
AMADEUS,1.08,15:47:05
BANKINTER,0.19,15:45:25
CAIXABANK,1.27,15:47:09
CELLNEX,2.66,15:46:38
ENAGAS,0.84,15:47:10
ENDESA,2.94,15:47:02
FERROVIAL,0.29,15:46:06
FLUIDRA,1.4,15:47:17
GRIFOLS CL.A,0.89,15:47:06
IAG,1.13,15:47:03
IBERDROLA,4.49,15:47:07
INDITEX,1.61,15:46:41
INM.COLONIAL,0.97,15:47:03
MAPFRE,1.29,15:46:45
MELIA HOTELS,0.9,15:46:38
MERLIN,0.09,15:47:08
NATURGY,3.61,15:47:18
PHARMA MAR,1.68,15:47:11
R.E.C.,2.3,15:47:07
REPSOL,2.61,15:44:43
ROVI,0.59,15:46:55
SIEMENS GAME,7.93,15:45:29
SOLARIA,6.81,15:46:31
TELEFONICA,1.22,15:46:30
ACERINOX,-1.32,15:47:05
AENA,-0.1,15:47:11
ARCELORMIT.,-2.92,15:47:19
B.SANTANDER,-1.03,15:47:01
BA.SABADELL,-0.11,15:47:09
BBVA,-1.56,15:47:05
CIE AUTOMOT.,-2.52,15:47:13
INDRA A,-0.99,15:47:13
ACCIONA,3.66,15:46:24
ACS,0.54,15:46:43
ALMIRALL,2.58,15:46:43
AMADEUS,1.08,15:47:05
BANKINTER,0.19,15:45:25
CAIXABANK,1.27,15:47:09
CELLNEX,2.66,15:46:38
ENAGAS,0.84,15:47:10
ENDESA,2.94,15:47:02
FERROVIAL,0.29,15:46:06
FLUIDRA,1.4,15:47:17
GRIFOLS CL.A,0.89,15:47:06
IAG,1.13,15:47:03
IBERDROLA,4.49,15:47:07
INDITEX,1.61,15:46:41
INM.COLONIAL,0.97,15:47:03
MAPFRE,1.29,15:46:45
MELIA HOTELS,0.9,15:46:38
MERLIN,0.09,15:47:08
NATURGY,3.61,15:47:18
PHARMA MAR,1.68,15:47:11
R.E.C.,2.3,15:47:07
REPSOL,2.61,15:44:43
ROVI,0.59,15:46:55
SIEMENS GAME,7.93,15:45:29
SOLARIA,6.81,15:46:31
TELEFONICA,1.22,15:46:30
ACERINOX,-1.32,15:47:05
AENA,-0.1,15:47:11
ARCELORMIT.,-2.92,15:47:19
B.SANTANDER,-1.03,15:47:01
BA.SABADELL,-0.11,15:47:09
BBVA,-1.56,15:47:05
CIE AUTOMOT.,-2.52,15:47:13
INDRA A,-0.99,15:47:13
ACCIONA,3.6,15:46:43
ACS,0.54,15:47:28
ALMIRALL,2.58,15:47:36
AMADEUS,1.01,15:45:25
BANKINTER,0.19,15:47:34
CAIXABANK,1.27,15:47:46
CELLNEX,2.66,15:47:43
ENAGAS,0.79,15:47:38
ENDESA,2.86,15:46:06
FERROVIAL,0.21,15:47:46
FLUIDRA,1.4,15:47:36
GRIFOLS CL.A,0.89,15:47:48
IAG,1.13,15:47:32
IBERDROLA,4.34,15:47:32
INDITEX,1.61,15:47:35
INM.COLONIAL,0.91,15:47:34
MAPFRE,1.29,15:46:38
MELIA HOTELS,0.9,15:47:34
NATURGY,3.53,15:47:50
PHARMA MAR,1.68,15:47:36
R.E.C.,2.14,15:47:26
REPSOL,2.57,15:44:43
ROVI,0.52,15:47:44
SIEMENS GAME,7.93,15:45:29
SOLARIA,6.76,15:46:31
TELEFONICA,1.1,15:47:41
ACERINOX,-1.32,15:47:34
AENA,-0.14,15:47:11
ARCELORMIT.,-2.96,15:47:34
B.SANTANDER,-1.07,15:47:30
BA.SABADELL,-0.11,15:47:39
BBVA,-1.58,15:47:21
CIE AUTOMOT.,-2.33,15:47:38
INDRA A,-0.99,15:47:50
ACCIONA,3.6,15:48:20
ACS,0.54,15:47:28
ALMIRALL,2.58,15:47:56
AMADEUS,1.05,15:48:20
BANKINTER,0.19,15:48:05
CAIXABANK,1.27,15:47:46
CELLNEX,2.66,15:48:13
ENAGAS,0.69,15:47:59
ENDESA,2.81,15:46:06
FERROVIAL,0.21,15:48:27
FLUIDRA,1.63,15:48:06
GRIFOLS CL.A,0.89,15:47:48
IAG,1.16,15:47:32
IBERDROLA,4.34,15:48:25
INDITEX,1.46,15:48:03
INM.COLONIAL,0.84,15:47:34
MAPFRE,1.29,15:48:26
MELIA HOTELS,0.9,15:47:34
NATURGY,3.53,15:48:12
PHARMA MAR,1.68,15:48:19
R.E.C.,2.11,15:48:18
REPSOL,2.61,15:44:43
ROVI,0.52,15:47:56
SIEMENS GAME,8.02,15:45:29
SOLARIA,6.76,15:46:31
TELEFONICA,1.1,15:47:41
ACERINOX,-1.3,15:47:34
AENA,-0.1,15:47:11
ARCELORMIT.,-2.96,15:48:26
B.SANTANDER,-1.02,15:48:26
BA.SABADELL,-0.08,15:47:39
BBVA,-1.58,15:47:58
CIE AUTOMOT.,-2.33,15:47:38
INDRA A,-0.99,15:48:27
ACCIONA,3.66,15:48:20
ACS,0.54,15:47:28
ALMIRALL,2.58,15:47:56
AMADEUS,0.98,15:48:20
BA.SABADELL,0.03,15:48:53
BANKINTER,0.19,15:47:46
CAIXABANK,1.27,15:48:56
CELLNEX,2.61,15:48:31
ENAGAS,0.69,15:46:06
ENDESA,2.83,15:48:58
FERROVIAL,0.21,15:48:41
FLUIDRA,1.55,15:48:55
GRIFOLS CL.A,0.78,15:47:32
IAG,1.22,15:48:25
IBERDROLA,4.49,15:48:32
INDITEX,1.41,15:47:34
INM.COLONIAL,0.84,15:48:32
MAPFRE,1.29,15:48:36
MELIA HOTELS,0.83,15:48:49
NATURGY,3.53,15:48:52
PHARMA MAR,1.68,15:48:55
R.E.C.,2.06,15:44:43
REPSOL,2.61,15:47:56
ROVI,0.52,15:45:29
SIEMENS GAME,8.21,15:48:48
SOLARIA,6.76,15:47:41
TELEFONICA,1.13,15:47:34
ACERINOX,-1.3,15:47:11
AENA,-0.1,15:48:48
ARCELORMIT.,-2.96,15:48:26
B.SANTANDER,-1.0,15:47:39
BBVA,-1.54,15:48:40
CIE AUTOMOT.,-2.33,15:48:52
INDRA A,-0.99,15:48:55
ACCIONA,3.66,15:48:20
ACS,0.54,15:47:28
ALMIRALL,2.58,15:47:56
AMADEUS,0.98,15:48:20
BA.SABADELL,0.03,15:48:53
BANKINTER,0.19,15:47:46
CAIXABANK,1.27,15:48:56
CELLNEX,2.61,15:48:31
ENAGAS,0.69,15:46:06
ENDESA,2.83,15:48:58
FERROVIAL,0.21,15:48:41
FLUIDRA,1.55,15:48:55
GRIFOLS CL.A,0.78,15:47:32
IAG,1.22,15:48:25
IBERDROLA,4.49,15:48:32
INDITEX,1.41,15:47:34
INM.COLONIAL,0.84,15:48:32
MAPFRE,1.29,15:48:36
MELIA HOTELS,0.83,15:48:49
NATURGY,3.53,15:48:52
PHARMA MAR,1.68,15:48:55
R.E.C.,2.06,15:44:43
REPSOL,2.61,15:47:56
ROVI,0.52,15:45:29
SIEMENS GAME,8.21,15:48:48
SOLARIA,6.76,15:47:41
TELEFONICA,1.13,15:47:34
ACERINOX,-1.3,15:47:11
AENA,-0.1,15:48:48
ARCELORMIT.,-2.96,15:48:26
B.SANTANDER,-1.0,15:47:39
BBVA,-1.54,15:48:40
CIE AUTOMOT.,-2.33,15:48:52
INDRA A,-0.99,15:48:55
ACCIONA,3.77,15:48:20
ACS,0.54,15:47:28
ALMIRALL,2.58,15:47:56
AMADEUS,0.98,15:48:20
BA.SABADELL,0.05,15:48:53
BANKINTER,0.22,15:47:46
CAIXABANK,1.27,15:49:06
CELLNEX,2.61,15:49:06
ENAGAS,0.69,15:49:06
ENDESA,2.91,15:49:06
FERROVIAL,0.21,15:49:05
FLUIDRA,1.55,15:48:55
GRIFOLS CL.A,0.78,15:47:32
IAG,1.19,15:48:25
IBERDROLA,4.44,15:49:06
INDITEX,1.41,15:49:04
INM.COLONIAL,0.84,15:48:32
MAPFRE,1.29,15:48:36
MELIA HOTELS,0.83,15:49:06
NATURGY,3.53,15:49:06
PHARMA MAR,1.68,15:48:55
R.E.C.,2.06,15:44:43
REPSOL,2.65,15:49:04
ROVI,0.52,15:45:29
SIEMENS GAME,8.21,15:48:48
SOLARIA,6.76,15:47:41
TELEFONICA,1.1,15:47:34
ACERINOX,-1.3,15:47:11
AENA,-0.1,15:48:48
ARCELORMIT.,-2.96,15:49:03
B.SANTANDER,-1.05,15:47:39
BBVA,-1.58,15:49:03
CIE AUTOMOT.,-2.33,15:48:52
INDRA A,-0.99,15:49:04
ACCIONA,3.66,15:48:20
ACS,0.54,15:49:33
ALMIRALL,2.32,15:47:56
AMADEUS,0.94,15:49:23
BA.SABADELL,0.05,15:49:09
BANKINTER,0.19,15:47:46
CAIXABANK,1.21,15:49:30
CELLNEX,2.61,15:49:12
ENAGAS,0.69,15:49:22
ENDESA,2.91,15:49:34
FERROVIAL,0.21,15:49:23
FLUIDRA,1.55,15:48:55
GRIFOLS CL.A,0.78,15:47:32
IAG,1.19,15:48:25
IBERDROLA,4.39,15:49:32
INDITEX,1.36,15:49:33
INM.COLONIAL,0.84,15:48:32
MAPFRE,1.24,15:48:36
MELIA HOTELS,0.83,15:49:24
NATURGY,3.53,15:49:33
PHARMA MAR,1.68,15:49:18
R.E.C.,2.14,15:44:43
REPSOL,2.61,15:49:04
ROVI,0.52,15:49:23
SIEMENS GAME,8.24,15:48:48
SOLARIA,6.76,15:47:41
TELEFONICA,1.04,15:47:34
ACERINOX,-1.3,15:47:11
AENA,-0.1,15:49:25
ARCELORMIT.,-2.96,15:49:34
B.SANTANDER,-1.05,15:47:39
BBVA,-1.63,15:49:32
CIE AUTOMOT.,-2.33,15:48:52
INDRA A,-0.99,15:49:32
ACCIONA,3.66,15:50:01
ACS,0.45,15:49:45
ALMIRALL,2.23,15:47:56
AMADEUS,0.91,15:50:02
BA.SABADELL,0.03,15:49:47
BANKINTER,0.19,15:47:46
CAIXABANK,1.24,15:50:08
CELLNEX,2.66,15:49:50
ENAGAS,0.64,15:49:22
ENDESA,2.94,15:50:08
FERROVIAL,0.21,15:50:01
FLUIDRA,1.55,15:50:02
GRIFOLS CL.A,0.78,15:47:32
IAG,1.1,15:50:00
IBERDROLA,4.44,15:50:01
INDITEX,1.36,15:49:45
INM.COLONIAL,0.84,15:48:32
MAPFRE,1.24,15:48:36
MELIA HOTELS,0.83,15:50:01
NATURGY,3.53,15:50:08
PHARMA MAR,1.68,15:50:06
R.E.C.,2.14,15:44:43
REPSOL,2.61,15:49:04
ROVI,0.52,15:49:23
SIEMENS GAME,8.36,15:48:48
SOLARIA,6.76,15:47:41
TELEFONICA,1.01,15:47:34
ACERINOX,-1.34,15:47:11
AENA,-0.1,15:50:03
ARCELORMIT.,-2.96,15:50:08
B.SANTANDER,-1.13,15:47:39
BBVA,-1.73,15:50:06
CIE AUTOMOT.,-2.33,15:48:52
INDRA A,-0.99,15:49:56
ACCIONA,3.66,15:50:01
ACS,0.45,15:49:45
ALMIRALL,2.23,15:47:56
AMADEUS,0.91,15:50:02
BA.SABADELL,0.03,15:49:47
BANKINTER,0.19,15:47:46
CAIXABANK,1.24,15:50:08
CELLNEX,2.66,15:49:50
ENAGAS,0.64,15:49:22
ENDESA,2.94,15:50:08
FERROVIAL,0.21,15:50:01
FLUIDRA,1.55,15:50:02
GRIFOLS CL.A,0.78,15:47:32
IAG,1.1,15:50:00
IBERDROLA,4.44,15:50:01
INDITEX,1.36,15:49:45
INM.COLONIAL,0.84,15:48:32
MAPFRE,1.24,15:48:36
MELIA HOTELS,0.83,15:50:01
NATURGY,3.53,15:50:08
PHARMA MAR,1.68,15:50:06
R.E.C.,2.14,15:44:43
REPSOL,2.61,15:49:04
ROVI,0.52,15:49:23
SIEMENS GAME,8.36,15:48:48
SOLARIA,6.76,15:47:41
TELEFONICA,1.01,15:47:34
ACERINOX,-1.34,15:47:11
AENA,-0.1,15:50:03
ARCELORMIT.,-2.96,15:50:08
B.SANTANDER,-1.13,15:47:39
BBVA,-1.73,15:50:06
CIE AUTOMOT.,-2.33,15:48:52
INDRA A,-0.99,15:49:56
ACCIONA,3.72,15:50:01
ACS,0.41,15:50:26
ALMIRALL,2.32,15:50:21
AMADEUS,0.88,15:50:19
BANKINTER,0.15,15:50:30
CAIXABANK,1.24,15:47:46
CELLNEX,2.55,15:50:41
ENAGAS,0.64,15:50:40
ENDESA,2.96,15:50:30
FERROVIAL,0.17,15:50:44
FLUIDRA,1.4,15:50:29
GRIFOLS CL.A,0.81,15:50:40
IAG,1.07,15:47:32
IBERDROLA,4.44,15:50:18
INDITEX,1.41,15:50:34
INM.COLONIAL,0.78,15:50:23
MAPFRE,1.24,15:50:24
MELIA HOTELS,0.83,15:50:44
NATURGY,3.35,15:50:31
PHARMA MAR,1.68,15:50:08
R.E.C.,2.19,15:50:36
REPSOL,2.65,15:44:43
ROVI,0.37,15:50:19
SIEMENS GAME,7.93,15:50:20
SOLARIA,6.52,15:48:48
TELEFONICA,1.1,15:47:41
ACERINOX,-1.34,15:50:11
AENA,-0.14,15:47:11
ARCELORMIT.,-2.96,15:50:33
B.SANTANDER,-1.05,15:50:39
BA.SABADELL,-0.16,15:50:28
BBVA,-1.71,15:50:31
CIE AUTOMOT.,-2.33,15:50:28
INDRA A,-0.99,15:50:37
ACCIONA,3.83,15:51:14
ACS,0.41,15:51:21
ALMIRALL,2.41,15:51:19
AMADEUS,0.84,15:51:13
BANKINTER,0.15,15:51:06
CAIXABANK,1.15,15:51:10
CELLNEX,2.55,15:51:08
ENAGAS,0.74,15:51:18
ENDESA,3.07,15:51:09
FERROVIAL,0.17,15:51:21
FLUIDRA,1.4,15:51:10
GRIFOLS CL.A,0.81,15:51:08
IAG,1.01,15:51:19
IBERDROLA,4.44,15:51:14
INDITEX,1.41,15:51:18
INM.COLONIAL,0.78,15:50:23
MAPFRE,1.24,15:50:24
MELIA HOTELS,0.83,15:51:08
NATURGY,3.42,15:51:16
PHARMA MAR,1.68,15:51:20
R.E.C.,2.27,15:51:20
REPSOL,2.65,15:51:12
ROVI,0.22,15:50:19
SIEMENS GAME,7.89,15:50:20
SOLARIA,6.62,15:51:10
TELEFONICA,1.1,15:47:41
ACERINOX,-1.36,15:51:08
AENA,-0.21,15:47:11
ARCELORMIT.,-2.87,15:51:13
B.SANTANDER,-1.07,15:51:16
BA.SABADELL,-0.19,15:51:16
BBVA,-1.75,15:51:20
CIE AUTOMOT.,-2.62,15:51:04
INDRA A,-1.14,15:51:17
ACCIONA,3.83,15:51:52
ACS,0.41,15:51:35
ALMIRALL,2.41,15:51:19
AMADEUS,0.67,15:51:13
BANKINTER,0.15,15:51:38
CAIXABANK,1.15,15:51:54
CELLNEX,2.59,15:51:49
ENAGAS,0.79,15:51:25
ENDESA,3.07,15:51:09
FERROVIAL,0.08,15:51:54
FLUIDRA,1.4,15:51:44
GRIFOLS CL.A,0.84,15:51:44
IAG,0.89,15:51:54
IBERDROLA,4.44,15:51:27
INDITEX,1.46,15:51:41
INM.COLONIAL,0.78,15:51:25
MAPFRE,1.29,15:50:24
MELIA HOTELS,0.83,15:51:42
NATURGY,3.42,15:51:53
PHARMA MAR,1.68,15:51:50
R.E.C.,2.27,15:51:49
REPSOL,2.65,15:51:12
ROVI,0.15,15:50:19
SIEMENS GAME,8.02,15:51:32
SOLARIA,6.76,15:51:39
TELEFONICA,1.15,15:47:41
ACERINOX,-1.38,15:51:08
AENA,-0.21,15:47:11
ARCELORMIT.,-2.92,15:51:13
B.SANTANDER,-1.13,15:51:36
BA.SABADELL,-0.24,15:51:38
BBVA,-1.8,15:51:44
CIE AUTOMOT.,-2.72,15:51:53
INDRA A,-1.14,15:51:53
ACCIONA,3.83,15:51:52
ACS,0.41,15:51:35
ALMIRALL,2.41,15:51:19
AMADEUS,0.67,15:51:13
BANKINTER,0.15,15:51:38
CAIXABANK,1.15,15:51:54
CELLNEX,2.59,15:51:49
ENAGAS,0.79,15:51:25
ENDESA,3.07,15:51:09
FERROVIAL,0.08,15:51:54
FLUIDRA,1.4,15:51:44
GRIFOLS CL.A,0.84,15:51:44
IAG,0.89,15:51:54
IBERDROLA,4.44,15:51:27
INDITEX,1.46,15:51:41
INM.COLONIAL,0.78,15:51:25
MAPFRE,1.29,15:50:24
MELIA HOTELS,0.83,15:51:42
NATURGY,3.42,15:51:53
PHARMA MAR,1.68,15:51:50
R.E.C.,2.27,15:51:49
REPSOL,2.65,15:51:12
ROVI,0.15,15:50:19
SIEMENS GAME,8.02,15:51:32
SOLARIA,6.76,15:51:39
TELEFONICA,1.15,15:47:41
ACERINOX,-1.38,15:51:08
AENA,-0.21,15:47:11
ARCELORMIT.,-2.92,15:51:13
B.SANTANDER,-1.13,15:51:36
BA.SABADELL,-0.24,15:51:38
BBVA,-1.8,15:51:44
CIE AUTOMOT.,-2.72,15:51:53
INDRA A,-1.14,15:51:53
ACCIONA,3.83,15:52:23
ACS,0.41,15:51:35
ALMIRALL,2.58,15:51:19
AMADEUS,0.67,15:52:17
BANKINTER,0.15,15:52:23
CAIXABANK,1.15,15:51:54
CELLNEX,2.59,15:52:11
ENAGAS,0.79,15:52:24
ENDESA,3.07,15:51:09
FERROVIAL,0.08,15:52:27
FLUIDRA,1.4,15:51:44
GRIFOLS CL.A,0.84,15:51:44
IAG,0.83,15:51:54
IBERDROLA,4.44,15:52:15
INDITEX,1.46,15:51:41
INM.COLONIAL,0.84,15:51:25
MAPFRE,1.29,15:50:24
MELIA HOTELS,0.83,15:51:42
NATURGY,3.42,15:52:23
PHARMA MAR,1.68,15:51:50
R.E.C.,2.27,15:52:16
REPSOL,2.65,15:52:27
ROVI,0.15,15:52:00
SIEMENS GAME,7.77,15:51:32
SOLARIA,6.57,15:52:20
TELEFONICA,1.15,15:52:02
ACERINOX,-1.52,15:51:08
AENA,-0.21,15:47:11
ARCELORMIT.,-2.92,15:52:17
B.SANTANDER,-1.13,15:51:36
BA.SABADELL,-0.24,15:51:38
BBVA,-1.8,15:52:25
CIE AUTOMOT.,-2.72,15:52:18
INDRA A,-1.25,15:51:53
ACCIONA,3.83,15:51:53
ACS,0.37,15:52:49
ALMIRALL,2.49,15:52:56
AMADEUS,0.51,15:51:19
BANKINTER,0.15,15:52:55
CAIXABANK,1.15,15:52:47
CELLNEX,2.66,15:52:56
ENAGAS,0.79,15:52:46
ENDESA,3.07,15:52:56
FERROVIAL,0.08,15:51:09
FLUIDRA,1.4,15:52:58
GRIFOLS CL.A,0.84,15:52:46
IAG,0.86,15:52:32
IBERDROLA,4.44,15:52:52
INDITEX,1.46,15:52:15
INM.COLONIAL,0.84,15:52:51
MAPFRE,1.29,15:51:25
MELIA HOTELS,0.83,15:50:24
MERLIN,0.09,15:51:42
NATURGY,3.42,15:52:52
PHARMA MAR,1.68,15:51:50
R.E.C.,2.27,15:52:49
REPSOL,2.65,15:52:27
ROVI,0.15,15:52:00
SIEMENS GAME,7.83,15:51:32
SOLARIA,6.66,15:52:50
TELEFONICA,1.15,15:52:33
ACERINOX,-1.46,15:51:08
AENA,-0.21,15:47:11
ARCELORMIT.,-2.91,15:52:17
B.SANTANDER,-1.19,15:52:54
BA.SABADELL,-0.27,15:51:38
BBVA,-1.88,15:52:33
CIE AUTOMOT.,-2.72,15:52:33
INDRA A,-1.25,15:52:46
ACCIONA,3.89,15:53:12
ACS,0.37,15:53:03
ALMIRALL,2.58,15:52:56
AMADEUS,0.51,15:51:19
BANKINTER,0.15,15:53:02
CAIXABANK,1.15,15:52:47
CELLNEX,2.66,15:52:56
ENAGAS,0.74,15:52:46
ENDESA,3.07,15:53:12
FERROVIAL,0.08,15:53:09
FLUIDRA,1.4,15:53:12
GRIFOLS CL.A,0.81,15:52:46
IAG,0.86,15:52:32
IBERDROLA,4.44,15:52:52
INDITEX,1.36,15:53:09
INM.COLONIAL,0.84,15:53:06
MAPFRE,1.29,15:51:25
MELIA HOTELS,0.75,15:50:24
MERLIN,0.09,15:53:00
NATURGY,3.42,15:53:08
PHARMA MAR,1.68,15:51:50
R.E.C.,2.24,15:53:12
REPSOL,2.61,15:52:27
ROVI,0.15,15:52:00
SIEMENS GAME,7.71,15:51:32
SOLARIA,6.66,15:53:06
TELEFONICA,1.15,15:52:33
ACERINOX,-1.5,15:51:08
AENA,-0.21,15:47:11
ARCELORMIT.,-2.91,15:53:06
B.SANTANDER,-1.19,15:53:00
BA.SABADELL,-0.27,15:51:38
BBVA,-1.8,15:53:10
CIE AUTOMOT.,-2.72,15:52:33
INDRA A,-1.25,15:52:46
ACCIONA,3.89,15:53:12
ACS,0.37,15:53:03
ALMIRALL,2.58,15:52:56
AMADEUS,0.51,15:51:19
BANKINTER,0.15,15:53:02
CAIXABANK,1.15,15:52:47
CELLNEX,2.66,15:52:56
ENAGAS,0.74,15:52:46
ENDESA,3.07,15:53:12
FERROVIAL,0.08,15:53:09
FLUIDRA,1.4,15:53:12
GRIFOLS CL.A,0.81,15:52:46
IAG,0.86,15:52:32
IBERDROLA,4.44,15:52:52
INDITEX,1.36,15:53:09
INM.COLONIAL,0.84,15:53:06
MAPFRE,1.29,15:51:25
MELIA HOTELS,0.75,15:50:24
MERLIN,0.09,15:53:00
NATURGY,3.42,15:53:08
PHARMA MAR,1.68,15:51:50
R.E.C.,2.24,15:53:12
REPSOL,2.61,15:52:27
ROVI,0.15,15:52:00
SIEMENS GAME,7.71,15:51:32
SOLARIA,6.66,15:53:06
TELEFONICA,1.15,15:52:33
ACERINOX,-1.5,15:51:08
AENA,-0.21,15:47:11
ARCELORMIT.,-2.91,15:53:06
B.SANTANDER,-1.19,15:53:00
BA.SABADELL,-0.27,15:51:38
BBVA,-1.8,15:53:10
CIE AUTOMOT.,-2.72,15:52:33
INDRA A,-1.25,15:52:46
ACCIONA,3.89,15:53:20
ACS,0.37,15:53:20
ALMIRALL,2.58,15:52:56
AMADEUS,0.51,15:51:19
BANKINTER,0.15,15:53:02
CAIXABANK,1.15,15:53:21
CELLNEX,2.66,15:52:56
ENAGAS,0.74,15:52:46
ENDESA,3.09,15:53:12
FERROVIAL,0.08,15:53:09
FLUIDRA,1.4,15:53:32
GRIFOLS CL.A,0.81,15:52:46
IAG,0.86,15:52:32
IBERDROLA,4.44,15:52:52
INDITEX,1.36,15:53:09
INM.COLONIAL,0.84,15:53:25
MAPFRE,1.29,15:51:25
MELIA HOTELS,0.75,15:50:24
MERLIN,0.09,15:53:00
NATURGY,3.5,15:53:24
PHARMA MAR,1.52,15:51:50
R.E.C.,2.24,15:53:12
REPSOL,2.65,15:52:27
ROVI,0.15,15:52:00
SIEMENS GAME,7.77,15:51:32
SOLARIA,6.57,15:53:06
TELEFONICA,1.15,15:53:24
ACERINOX,-1.62,15:53:18
AENA,-0.21,15:53:18
ARCELORMIT.,-2.91,15:53:06
B.SANTANDER,-1.19,15:53:24
BA.SABADELL,-0.27,15:51:38
BBVA,-1.82,15:53:18
CIE AUTOMOT.,-2.72,15:53:17
INDRA A,-1.25,15:53:20
ACCIONA,3.94,15:54:02
ACS,0.37,15:54:03
ALMIRALL,2.58,15:53:51
AMADEUS,0.54,15:53:49
BANKINTER,0.15,15:53:02
CAIXABANK,1.15,15:53:48
CELLNEX,2.75,15:53:56
ENAGAS,0.74,15:54:00
ENDESA,3.07,15:54:03
FERROVIAL,0.12,15:53:47
FLUIDRA,1.4,15:54:07
GRIFOLS CL.A,0.81,15:53:48
IAG,0.98,15:54:07
IBERDROLA,4.49,15:52:52
INDITEX,1.41,15:53:09
INM.COLONIAL,0.84,15:53:43
MAPFRE,1.29,15:53:48
MELIA HOTELS,0.83,15:50:24
MERLIN,0.09,15:53:47
NATURGY,3.53,15:53:56
PHARMA MAR,1.62,15:54:02
R.E.C.,2.22,15:53:48
REPSOL,2.53,15:53:47
ROVI,0.15,15:52:00
SIEMENS GAME,7.99,15:51:32
SOLARIA,6.52,15:53:57
TELEFONICA,1.15,15:53:24
ACERINOX,-1.54,15:53:48
AENA,-0.21,15:53:57
ARCELORMIT.,-3.16,15:53:34
B.SANTANDER,-1.16,15:54:00
BA.SABADELL,-0.24,15:53:50
BBVA,-1.73,15:53:59
CIE AUTOMOT.,-2.72,15:53:39
INDRA A,-1.19,15:54:07
ACCIONA,3.94,15:54:02
ACS,0.37,15:54:03
ALMIRALL,2.58,15:53:51
AMADEUS,0.54,15:53:49
BANKINTER,0.15,15:53:02
CAIXABANK,1.15,15:53:48
CELLNEX,2.75,15:53:56
ENAGAS,0.74,15:54:00
ENDESA,3.07,15:54:03
FERROVIAL,0.12,15:53:47
FLUIDRA,1.4,15:54:07
GRIFOLS CL.A,0.81,15:53:48
IAG,0.98,15:54:07
IBERDROLA,4.49,15:52:52
INDITEX,1.41,15:53:09
INM.COLONIAL,0.84,15:53:43
MAPFRE,1.29,15:53:48
MELIA HOTELS,0.83,15:50:24
MERLIN,0.09,15:53:47
NATURGY,3.53,15:53:56
PHARMA MAR,1.62,15:54:02
R.E.C.,2.22,15:53:48
REPSOL,2.53,15:53:47
ROVI,0.15,15:52:00
SIEMENS GAME,7.99,15:51:32
SOLARIA,6.52,15:53:57
TELEFONICA,1.15,15:53:24
ACERINOX,-1.54,15:53:48
AENA,-0.21,15:53:57
ARCELORMIT.,-3.16,15:53:34
B.SANTANDER,-1.16,15:54:00
BA.SABADELL,-0.24,15:53:50
BBVA,-1.73,15:53:59
CIE AUTOMOT.,-2.72,15:53:39
INDRA A,-1.19,15:54:07
ACCIONA,4.0,15:54:38
ACS,0.33,15:54:03
ALMIRALL,2.49,15:54:16
AMADEUS,0.54,15:53:49
BANKINTER,0.15,15:54:19
CAIXABANK,1.15,15:53:48
CELLNEX,2.75,15:54:30
ENAGAS,0.69,15:54:34
ENDESA,3.07,15:54:03
FERROVIAL,0.08,15:53:47
FLUIDRA,1.48,15:54:22
GRIFOLS CL.A,0.86,15:54:23
IAG,0.98,15:54:07
IBERDROLA,4.39,15:54:39
INDITEX,1.36,15:54:16
INM.COLONIAL,0.84,15:54:41
MAPFRE,1.29,15:54:10
MELIA HOTELS,0.83,15:54:26
MERLIN,0.09,15:54:35
NATURGY,3.53,15:54:28
PHARMA MAR,1.62,15:54:36
R.E.C.,2.22,15:54:34
REPSOL,2.44,15:53:47
ROVI,0.15,15:52:00
SIEMENS GAME,7.77,15:51:32
SOLARIA,6.52,15:53:57
TELEFONICA,1.13,15:53:24
ACERINOX,-1.54,15:53:48
AENA,-0.21,15:53:57
ARCELORMIT.,-3.28,15:54:31
B.SANTANDER,-1.16,15:54:34
BA.SABADELL,-0.24,15:53:50
BBVA,-1.67,15:54:13
CIE AUTOMOT.,-2.62,15:53:39
INDRA A,-1.19,15:54:31
ACCIONA,3.94,15:55:02
ACS,0.33,15:55:01
ALMIRALL,2.49,15:54:16
AMADEUS,0.57,15:53:49
BANKINTER,0.22,15:54:19
CAIXABANK,1.15,15:54:59
CELLNEX,2.75,15:54:30
ENAGAS,0.69,15:55:08
ENDESA,3.07,15:55:07
FERROVIAL,0.08,15:55:01
FLUIDRA,1.48,15:55:13
GRIFOLS CL.A,0.86,15:55:00
IAG,0.98,15:54:59
IBERDROLA,4.44,15:54:39
INDITEX,1.46,15:54:57
INM.COLONIAL,0.84,15:54:42
MAPFRE,1.29,15:54:10
MELIA HOTELS,0.9,15:54:26
MERLIN,0.09,15:54:35
NATURGY,3.53,15:55:02
PHARMA MAR,1.62,15:54:59
R.E.C.,2.22,15:55:10
REPSOL,2.53,15:53:47
ROVI,0.15,15:52:00
SIEMENS GAME,7.86,15:51:32
SOLARIA,6.62,15:54:44
TELEFONICA,1.15,15:53:24
ACERINOX,-1.58,15:53:48
AENA,-0.21,15:53:57
ARCELORMIT.,-3.28,15:54:31
B.SANTANDER,-1.1,15:54:57
BA.SABADELL,-0.22,15:53:50
BBVA,-1.6,15:55:11
CIE AUTOMOT.,-2.62,15:55:12
INDRA A,-1.19,15:55:11
ACCIONA,3.94,15:55:20
ACS,0.33,15:55:01
ALMIRALL,2.49,15:55:31
AMADEUS,0.61,15:53:49
BANKINTER,0.22,15:54:19
CAIXABANK,1.18,15:55:47
CELLNEX,2.77,15:55:35
ENAGAS,0.69,15:55:47
ENDESA,3.12,15:55:31
FERROVIAL,0.08,15:55:01
FLUIDRA,1.48,15:55:29
GRIFOLS CL.A,1.04,15:55:43
IAG,1.01,15:55:31
IBERDROLA,4.44,15:54:39
INDITEX,1.46,15:54:57
INM.COLONIAL,0.84,15:55:48
MAPFRE,1.18,15:54:10
MELIA HOTELS,0.9,15:54:26
MERLIN,0.09,15:55:47
NATURGY,3.53,15:55:42
PHARMA MAR,1.62,15:55:40
R.E.C.,2.22,15:55:42
REPSOL,2.4,15:55:39
ROVI,0.15,15:52:00
SIEMENS GAME,7.83,15:55:48
SOLARIA,6.66,15:54:44
TELEFONICA,1.17,15:53:24
ACERINOX,-1.58,15:53:48
AENA,-0.21,15:53:57
ARCELORMIT.,-3.04,15:54:31
B.SANTANDER,-1.11,15:55:47
BA.SABADELL,-0.22,15:53:50
BBVA,-1.58,15:55:45
CIE AUTOMOT.,-2.62,15:55:35
INDRA A,-1.19,15:55:34
ACCIONA,3.94,15:55:20
ACS,0.33,15:55:01
ALMIRALL,2.49,15:55:31
AMADEUS,0.61,15:53:49
BANKINTER,0.22,15:54:19
CAIXABANK,1.18,15:55:47
CELLNEX,2.77,15:55:35
ENAGAS,0.69,15:55:47
ENDESA,3.12,15:55:31
FERROVIAL,0.08,15:55:01
FLUIDRA,1.48,15:55:29
GRIFOLS CL.A,1.04,15:55:43
IAG,1.01,15:55:31
IBERDROLA,4.44,15:54:39
INDITEX,1.46,15:54:57
INM.COLONIAL,0.84,15:55:48
MAPFRE,1.18,15:54:10
MELIA HOTELS,0.9,15:54:26
MERLIN,0.09,15:55:47
NATURGY,3.53,15:55:42
PHARMA MAR,1.62,15:55:40
R.E.C.,2.22,15:55:42
REPSOL,2.4,15:55:39
ROVI,0.15,15:52:00
SIEMENS GAME,7.83,15:55:48
SOLARIA,6.66,15:54:44
TELEFONICA,1.17,15:53:24
ACERINOX,-1.58,15:53:48
AENA,-0.21,15:53:57
ARCELORMIT.,-3.04,15:54:31
B.SANTANDER,-1.11,15:55:47
BA.SABADELL,-0.22,15:53:50
BBVA,-1.58,15:55:45
CIE AUTOMOT.,-2.62,15:55:35
INDRA A,-1.19,15:55:34
ACCIONA,3.94,15:56:12
ACS,0.29,15:55:53
ALMIRALL,2.49,15:56:17
AMADEUS,0.57,15:55:56
BANKINTER,0.19,15:54:19
CAIXABANK,1.15,15:55:55
CELLNEX,2.71,15:56:16
ENAGAS,0.79,15:56:05
ENDESA,3.12,15:56:21
FERROVIAL,0.04,15:55:57
FLUIDRA,1.48,15:56:21
GRIFOLS CL.A,0.98,15:56:21
IAG,0.89,15:56:13
IBERDROLA,4.44,15:55:55
INDITEX,1.51,15:56:13
INM.COLONIAL,0.78,15:56:09
MAPFRE,1.18,15:55:49
MELIA HOTELS,0.9,15:54:26
MERLIN,0.09,15:56:19
NATURGY,3.53,15:56:09
PHARMA MAR,1.62,15:56:22
R.E.C.,2.33,15:56:22
REPSOL,2.4,15:55:55
ROVI,0.15,15:55:55
SIEMENS GAME,7.83,15:55:48
SOLARIA,6.57,15:54:44
TELEFONICA,1.17,15:53:24
ACERINOX,-1.52,15:53:48
AENA,-0.17,15:53:57
ARCELORMIT.,-3.13,15:56:02
B.SANTANDER,-1.16,15:56:05
BA.SABADELL,-0.27,15:53:50
BBVA,-1.62,15:56:07
CIE AUTOMOT.,-2.82,15:55:55
INDRA A,-1.3,15:56:02
ACCIONA,3.94,15:56:30
ACS,0.29,15:56:40
ALMIRALL,2.49,15:56:39
AMADEUS,0.57,15:56:49
BANKINTER,0.15,15:54:19
CAIXABANK,1.15,15:55:55
CELLNEX,2.68,15:56:16
ENAGAS,0.79,15:56:54
ENDESA,3.04,15:56:53
FERROVIAL,0.04,15:56:30
FLUIDRA,1.4,15:56:54
GRIFOLS CL.A,0.98,15:56:21
IAG,0.86,15:56:42
IBERDROLA,4.44,15:55:55
INDITEX,1.56,15:56:13
INM.COLONIAL,0.78,15:56:53
MAPFRE,1.18,15:56:36
MELIA HOTELS,0.9,15:56:26
MERLIN,0.09,15:56:19
NATURGY,3.53,15:56:51
PHARMA MAR,1.62,15:56:53
R.E.C.,2.33,15:56:51
REPSOL,2.4,15:56:43
ROVI,0.15,15:55:55
SIEMENS GAME,7.83,15:55:48
SOLARIA,6.57,15:54:44
TELEFONICA,1.13,15:53:24
ACERINOX,-1.54,15:53:48
AENA,-0.27,15:53:57
ARCELORMIT.,-3.13,15:56:02
B.SANTANDER,-1.19,15:56:41
BA.SABADELL,-0.27,15:53:50
BBVA,-1.63,15:56:37
CIE AUTOMOT.,-2.82,15:56:44
INDRA A,-1.3,15:56:34
ACCIONA,3.83,15:57:14
ACS,0.33,15:57:25
ALMIRALL,2.49,15:57:19
AMADEUS,0.51,15:54:19
BANKINTER,0.15,15:57:09
CAIXABANK,1.12,15:56:16
CELLNEX,2.64,15:57:19
ENAGAS,0.79,15:57:14
ENDESA,2.91,15:57:13
FLUIDRA,1.4,15:57:13
GRIFOLS CL.A,0.98,15:57:10
IAG,0.8,15:57:11
IBERDROLA,4.24,15:57:11
INDITEX,1.41,15:56:13
INM.COLONIAL,0.72,15:57:20
MAPFRE,1.24,15:57:10
MELIA HOTELS,0.83,15:56:26
NATURGY,3.35,15:56:19
PHARMA MAR,1.62,15:57:18
R.E.C.,2.3,15:57:25
REPSOL,2.53,15:57:24
ROVI,0.15,15:57:11
SIEMENS GAME,7.58,15:57:10
SOLARIA,6.57,15:57:13
TELEFONICA,1.13,15:57:10
ACERINOX,-1.5,15:57:27
AENA,-0.31,15:57:22
ARCELORMIT.,-3.13,15:56:59
B.SANTANDER,-1.22,15:57:27
BA.SABADELL,-0.32,15:57:08
BBVA,-1.67,15:53:50
CIE AUTOMOT.,-2.82,15:57:26
INDRA A,-1.25,15:56:44
MERLIN,-0.09,15:57:26
ACCIONA,3.83,15:57:14
ACS,0.33,15:57:25
ALMIRALL,2.49,15:57:19
AMADEUS,0.51,15:54:19
BANKINTER,0.15,15:57:09
CAIXABANK,1.12,15:56:16
CELLNEX,2.64,15:57:19
ENAGAS,0.79,15:57:14
ENDESA,2.91,15:57:13
FLUIDRA,1.4,15:57:13
GRIFOLS CL.A,0.98,15:57:10
IAG,0.8,15:57:11
IBERDROLA,4.24,15:57:11
INDITEX,1.41,15:56:13
INM.COLONIAL,0.72,15:57:20
MAPFRE,1.24,15:57:10
MELIA HOTELS,0.83,15:56:26
NATURGY,3.35,15:56:19
PHARMA MAR,1.62,15:57:18
R.E.C.,2.3,15:57:25
REPSOL,2.53,15:57:24
ROVI,0.15,15:57:11
SIEMENS GAME,7.58,15:57:10
SOLARIA,6.57,15:57:13
TELEFONICA,1.13,15:57:10
ACERINOX,-1.5,15:57:27
AENA,-0.31,15:57:22
ARCELORMIT.,-3.13,15:56:59
B.SANTANDER,-1.22,15:57:27
BA.SABADELL,-0.32,15:57:08
BBVA,-1.67,15:53:50
CIE AUTOMOT.,-2.82,15:57:26
INDRA A,-1.25,15:56:44
MERLIN,-0.09,15:57:26
ACCIONA,3.83,15:57:14
ACS,0.33,15:57:25
ALMIRALL,2.49,15:57:19
AMADEUS,0.51,15:54:19
BANKINTER,0.11,15:57:09
CAIXABANK,1.05,15:56:16
CELLNEX,2.71,15:57:32
ENAGAS,0.79,15:57:28
ENDESA,2.94,15:57:28
FLUIDRA,1.4,15:57:13
GRIFOLS CL.A,0.98,15:57:28
IAG,0.77,15:57:28
IBERDROLA,4.19,15:57:11
INDITEX,1.41,15:56:13
INM.COLONIAL,0.72,15:57:31
MAPFRE,1.18,15:57:10
MELIA HOTELS,0.83,15:56:26
NATURGY,3.35,15:56:19
PHARMA MAR,1.62,15:57:31
R.E.C.,2.3,15:57:27
REPSOL,2.44,15:57:24
ROVI,0.15,15:57:11
SIEMENS GAME,7.58,15:57:10
SOLARIA,6.57,15:57:28
TELEFONICA,1.13,15:57:10
ACERINOX,-1.5,15:57:27
AENA,-0.31,15:57:22
ARCELORMIT.,-3.13,15:56:59
B.SANTANDER,-1.24,15:57:27
BA.SABADELL,-0.35,15:57:28
BBVA,-1.67,15:53:50
CIE AUTOMOT.,-2.82,15:57:26
INDRA A,-1.25,15:56:44
MERLIN,-0.09,15:57:26
ACCIONA,3.83,15:57:14
ACS,0.33,15:57:35
ALMIRALL,2.49,15:57:19
AMADEUS,0.51,15:54:19
BANKINTER,0.11,15:57:09
CAIXABANK,1.08,15:57:59
CELLNEX,2.71,15:57:51
ENAGAS,0.79,15:57:45
ENDESA,2.94,15:57:43
FLUIDRA,1.4,15:57:44
GRIFOLS CL.A,0.98,15:57:51
IAG,0.77,15:57:28
IBERDROLA,4.29,15:57:11
INDITEX,1.51,15:56:13
INM.COLONIAL,0.72,15:57:52
MAPFRE,1.18,15:58:01
MELIA HOTELS,0.75,15:56:26
NATURGY,3.35,15:56:19
PHARMA MAR,1.62,15:57:57
R.E.C.,2.3,15:58:02
REPSOL,2.44,15:57:50
ROVI,0.15,15:58:01
SIEMENS GAME,7.46,15:57:10
SOLARIA,6.57,15:57:28
TELEFONICA,1.1,15:57:38
ACERINOX,-1.5,15:57:53
AENA,-0.31,15:57:22
ARCELORMIT.,-3.02,15:56:59
B.SANTANDER,-1.19,15:57:27
BA.SABADELL,-0.24,15:57:28
BBVA,-1.73,15:53:50
CIE AUTOMOT.,-2.82,15:57:50
FERROVIAL,-0.04,15:56:44
INDRA A,-1.19,15:57:43
ACCIONA,3.83,15:57:14
ACS,0.33,15:57:35
ALMIRALL,2.49,15:57:19
AMADEUS,0.51,15:54:19
BANKINTER,0.11,15:57:09
CAIXABANK,1.08,15:57:59
CELLNEX,2.71,15:57:51
ENAGAS,0.79,15:57:45
ENDESA,2.94,15:57:43
FLUIDRA,1.4,15:57:44
GRIFOLS CL.A,0.98,15:57:51
IAG,0.77,15:57:28
IBERDROLA,4.29,15:57:11
INDITEX,1.51,15:56:13
INM.COLONIAL,0.72,15:57:52
MAPFRE,1.18,15:58:01
MELIA HOTELS,0.75,15:56:26
NATURGY,3.35,15:56:19
PHARMA MAR,1.62,15:57:57
R.E.C.,2.3,15:58:02
REPSOL,2.44,15:57:50
ROVI,0.15,15:58:01
SIEMENS GAME,7.46,15:57:10
SOLARIA,6.57,15:57:28
TELEFONICA,1.1,15:57:38
ACERINOX,-1.5,15:57:53
AENA,-0.31,15:57:22
ARCELORMIT.,-3.02,15:56:59
B.SANTANDER,-1.19,15:57:27
BA.SABADELL,-0.24,15:57:28
BBVA,-1.73,15:53:50
CIE AUTOMOT.,-2.82,15:57:50
FERROVIAL,-0.04,15:56:44
INDRA A,-1.19,15:57:43
ACCIONA,3.77,15:58:37
ACS,0.29,15:58:23
ALMIRALL,2.75,15:58:37
AMADEUS,0.57,15:58:19
BANKINTER,0.19,15:57:59
CAIXABANK,1.21,15:58:27
CELLNEX,2.71,15:58:27
ENAGAS,0.74,15:58:21
ENDESA,2.96,15:58:31
FLUIDRA,1.48,15:58:32
GRIFOLS CL.A,1.09,15:57:28
IAG,0.83,15:58:10
IBERDROLA,4.29,15:58:32
INDITEX,1.51,15:58:17
INM.COLONIAL,0.72,15:58:20
MAPFRE,1.18,15:58:27
MELIA HOTELS,0.68,15:58:26
NATURGY,3.38,15:58:36
PHARMA MAR,1.65,15:58:29
R.E.C.,2.38,15:58:27
REPSOL,2.48,15:58:27
ROVI,0.74,15:57:10
SIEMENS GAME,7.55,15:58:17
SOLARIA,6.52,15:58:30
TELEFONICA,1.19,15:57:53
ACERINOX,-1.46,15:58:21
AENA,-0.27,15:58:15
ARCELORMIT.,-3.02,15:58:31
B.SANTANDER,-1.16,15:58:31
BA.SABADELL,-0.24,15:58:24
BBVA,-1.65,15:58:25
CIE AUTOMOT.,-2.82,15:58:31
INDRA A,-1.3,15:58:30
ACCIONA,3.77,15:59:07
ACS,0.33,15:58:23
ALMIRALL,2.84,15:59:07
AMADEUS,0.57,15:58:19
BANKINTER,0.22,15:59:07
CAIXABANK,1.24,15:59:04
CELLNEX,2.71,15:59:02
ENAGAS,0.74,15:58:58
ENDESA,2.96,15:59:07
FLUIDRA,1.48,15:59:00
GRIFOLS CL.A,1.18,15:57:28
IAG,0.83,15:58:10
IBERDROLA,4.29,15:58:32
INDITEX,1.51,15:59:02
INM.COLONIAL,0.72,15:59:06
MAPFRE,1.18,15:58:27
MELIA HOTELS,0.68,15:59:02
NATURGY,3.38,15:59:04
PHARMA MAR,1.65,15:58:29
R.E.C.,2.41,15:58:27
REPSOL,2.48,15:58:27
ROVI,0.74,15:57:10
SIEMENS GAME,7.58,15:58:41
SOLARIA,6.52,15:58:30
TELEFONICA,1.15,15:57:53
ACERINOX,-1.46,15:58:21
AENA,-0.27,15:58:15
ARCELORMIT.,-3.06,15:59:02
B.SANTANDER,-1.13,15:58:31
BA.SABADELL,-0.22,15:58:24
BBVA,-1.69,15:58:54
CIE AUTOMOT.,-2.82,15:59:08
INDRA A,-1.3,15:59:08
ACCIONA,3.83,15:59:42
ACS,0.41,15:58:23
ALMIRALL,2.84,15:59:07
AMADEUS,0.74,15:59:41
BANKINTER,0.22,15:59:31
CAIXABANK,1.24,15:59:42
CELLNEX,2.73,15:59:16
ENAGAS,0.74,15:59:20
ENDESA,2.99,15:59:16
FLUIDRA,1.55,15:59:00
GRIFOLS CL.A,1.27,15:59:16
IAG,0.86,15:59:31
IBERDROLA,4.29,15:59:16
INDITEX,1.56,15:59:35
INM.COLONIAL,0.78,15:59:06
MAPFRE,1.18,15:59:16
MELIA HOTELS,0.68,15:59:39
NATURGY,3.38,15:59:32
PHARMA MAR,1.65,15:59:30
R.E.C.,2.41,15:59:20
REPSOL,2.48,15:58:27
ROVI,0.74,15:59:39
SIEMENS GAME,7.61,15:59:32
SOLARIA,6.38,15:58:30
TELEFONICA,1.19,15:57:53
ACERINOX,-1.38,15:58:21
AENA,-0.27,15:58:15
ARCELORMIT.,-2.97,15:59:02
B.SANTANDER,-1.13,15:59:10
BA.SABADELL,-0.16,15:58:24
BBVA,-1.65,15:59:32
CIE AUTOMOT.,-2.82,15:59:29
INDRA A,-1.3,15:59:40
ACCIONA,3.83,15:59:42
ACS,0.41,15:58:23
ALMIRALL,2.84,15:59:07
AMADEUS,0.74,15:59:41
BANKINTER,0.22,15:59:31
CAIXABANK,1.24,15:59:42
CELLNEX,2.73,15:59:16
ENAGAS,0.74,15:59:20
ENDESA,2.99,15:59:16
FLUIDRA,1.55,15:59:00
GRIFOLS CL.A,1.27,15:59:16
IAG,0.86,15:59:31
IBERDROLA,4.29,15:59:16
INDITEX,1.56,15:59:35
INM.COLONIAL,0.78,15:59:06
MAPFRE,1.18,15:59:16
MELIA HOTELS,0.68,15:59:39
NATURGY,3.38,15:59:32
PHARMA MAR,1.65,15:59:30
R.E.C.,2.41,15:59:20
REPSOL,2.48,15:58:27
ROVI,0.74,15:59:39
SIEMENS GAME,7.61,15:59:32
SOLARIA,6.38,15:58:30
TELEFONICA,1.19,15:57:53
ACERINOX,-1.38,15:58:21
AENA,-0.27,15:58:15
ARCELORMIT.,-2.97,15:59:02
B.SANTANDER,-1.13,15:59:10
BA.SABADELL,-0.16,15:58:24
BBVA,-1.65,15:59:32
CIE AUTOMOT.,-2.82,15:59:29
INDRA A,-1.3,15:59:40
ACCIONA,3.94,16:00:01
ACS,0.41,15:59:59
ALMIRALL,2.84,15:59:43
AMADEUS,0.74,15:59:07
BANKINTER,0.22,15:59:41
CAIXABANK,1.21,16:00:07
CELLNEX,2.75,16:00:15
ENAGAS,0.74,16:00:07
ENDESA,2.96,16:00:12
FLUIDRA,1.63,16:00:16
GRIFOLS CL.A,1.32,16:00:09
IAG,0.77,16:00:02
IBERDROLA,4.24,15:59:45
INDITEX,1.61,15:59:16
INM.COLONIAL,0.78,16:00:11
MAPFRE,1.24,16:00:10
MELIA HOTELS,0.83,15:59:45
NATURGY,3.38,16:00:02
PHARMA MAR,1.84,16:00:15
R.E.C.,2.41,16:00:17
REPSOL,2.48,16:00:16
ROVI,0.66,15:58:27
SIEMENS GAME,7.71,15:59:39
SOLARIA,6.38,15:59:43
TELEFONICA,1.15,15:59:44
ACERINOX,-1.44,15:57:53
AENA,-0.24,15:58:21
ARCELORMIT.,-2.99,16:00:17
B.SANTANDER,-1.16,15:59:02
BA.SABADELL,-0.27,16:00:16
BBVA,-1.65,15:59:49
CIE AUTOMOT.,-2.62,16:00:03
FERROVIAL,-0.08,15:59:29
INDRA A,-1.3,16:00:04
ACCIONA,3.83,16:00:26
ACS,0.45,16:00:50
ALMIRALL,2.92,16:00:25
AMADEUS,0.84,16:00:21
BANKINTER,0.3,16:00:50
CAIXABANK,1.18,16:00:07
CELLNEX,2.75,16:00:51
ENAGAS,0.79,16:00:51
ENDESA,3.01,16:00:50
FLUIDRA,1.71,16:00:53
GRIFOLS CL.A,1.47,16:00:50
IAG,0.77,16:00:47
IBERDROLA,4.24,15:59:45
INDITEX,1.66,16:00:44
INM.COLONIAL,0.78,16:00:51
MAPFRE,1.24,16:00:50
MELIA HOTELS,0.83,16:00:38
NATURGY,3.57,16:00:51
PHARMA MAR,1.92,16:00:45
R.E.C.,2.54,16:00:49
REPSOL,2.57,16:00:50
ROVI,0.66,16:00:33
SIEMENS GAME,7.86,15:59:39
SOLARIA,6.52,15:59:43
TELEFONICA,1.24,15:59:44
ACERINOX,-1.38,16:00:24
AENA,-0.31,16:00:36
ARCELORMIT.,-2.99,16:00:24
B.SANTANDER,-1.1,16:00:40
BA.SABADELL,-0.16,16:00:50
BBVA,-1.62,15:59:49
CIE AUTOMOT.,-2.62,16:00:50
FERROVIAL,-0.04,16:00:40
INDRA A,-1.04,16:00:50
ACCIONA,3.72,16:01:06
ACS,0.37,16:01:09
ALMIRALL,3.09,16:00:25
AMADEUS,0.78,16:01:10
BANKINTER,0.26,16:01:11
CAIXABANK,1.08,16:01:14
CELLNEX,2.75,16:01:22
ENAGAS,0.79,16:01:30
ENDESA,2.99,16:00:57
FLUIDRA,1.55,16:01:19
GRIFOLS CL.A,1.47,16:01:19
IAG,0.65,16:01:26
IBERDROLA,3.99,16:01:25
INDITEX,1.56,16:01:13
INM.COLONIAL,0.78,16:01:28
MAPFRE,1.24,16:01:09
MELIA HOTELS,0.83,16:01:13
NATURGY,3.57,16:01:04
PHARMA MAR,1.92,16:01:30
R.E.C.,2.51,16:01:15
REPSOL,2.61,16:01:00
ROVI,0.66,16:00:33
SIEMENS GAME,7.64,15:59:39
SOLARIA,6.1,15:59:43
TELEFONICA,1.26,15:59:44
ACERINOX,-1.38,16:01:20
AENA,-0.31,16:01:05
ARCELORMIT.,-3.02,16:00:24
B.SANTANDER,-1.24,16:01:04
BA.SABADELL,-0.3,16:01:31
BBVA,-1.71,15:59:49
CIE AUTOMOT.,-2.62,16:01:17
FERROVIAL,-0.04,16:01:11
INDRA A,-1.04,16:01:14
ACCIONA,3.72,16:01:06
ACS,0.37,16:01:09
ALMIRALL,3.09,16:00:25
AMADEUS,0.78,16:01:10
BANKINTER,0.26,16:01:11
CAIXABANK,1.08,16:01:14
CELLNEX,2.75,16:01:22
ENAGAS,0.79,16:01:30
ENDESA,2.99,16:00:57
FLUIDRA,1.55,16:01:19
GRIFOLS CL.A,1.47,16:01:19
IAG,0.65,16:01:26
IBERDROLA,3.99,16:01:25
INDITEX,1.56,16:01:13
INM.COLONIAL,0.78,16:01:28
MAPFRE,1.24,16:01:09
MELIA HOTELS,0.83,16:01:13
NATURGY,3.57,16:01:04
PHARMA MAR,1.92,16:01:30
R.E.C.,2.51,16:01:15
REPSOL,2.61,16:01:00
ROVI,0.66,16:00:33
SIEMENS GAME,7.64,15:59:39
SOLARIA,6.1,15:59:43
TELEFONICA,1.26,15:59:44
ACERINOX,-1.38,16:01:20
AENA,-0.31,16:01:05
ARCELORMIT.,-3.02,16:00:24
B.SANTANDER,-1.24,16:01:04
BA.SABADELL,-0.3,16:01:31
BBVA,-1.71,15:59:49
CIE AUTOMOT.,-2.62,16:01:17
FERROVIAL,-0.04,16:01:11
INDRA A,-1.04,16:01:14
ACCIONA,3.72,16:01:40
ACS,0.37,16:01:09
ALMIRALL,2.92,16:00:25
AMADEUS,0.78,16:01:34
BANKINTER,0.26,16:01:11
CAIXABANK,1.08,16:01:14
CELLNEX,2.68,16:01:22
ENAGAS,0.79,16:01:35
ENDESA,2.99,16:00:57
FLUIDRA,1.55,16:01:36
GRIFOLS CL.A,1.44,16:01:19
IAG,0.65,16:01:41
IBERDROLA,3.99,16:01:25
INDITEX,1.56,16:01:13
INM.COLONIAL,0.78,16:01:28
MAPFRE,1.24,16:01:09
MELIA HOTELS,0.83,16:01:13
NATURGY,3.5,16:01:33
PHARMA MAR,1.87,16:01:30
R.E.C.,2.51,16:01:15
REPSOL,2.61,16:01:37
ROVI,0.66,16:00:33
SIEMENS GAME,7.71,15:59:39
SOLARIA,6.33,15:59:43
TELEFONICA,1.28,15:59:44
ACERINOX,-1.46,16:01:20
AENA,-0.31,16:01:36
ARCELORMIT.,-3.02,16:01:32
B.SANTANDER,-1.24,16:01:04
BA.SABADELL,-0.32,16:01:32
BBVA,-1.75,15:59:49
CIE AUTOMOT.,-2.62,16:01:36
FERROVIAL,-0.04,16:01:38
INDRA A,-1.04,16:01:37
ACCIONA,3.77,16:02:02
ACS,0.41,16:00:25
ALMIRALL,3.01,16:01:53
AMADEUS,0.78,16:02:00
BANKINTER,0.26,16:01:14
CAIXABANK,1.12,16:02:03
CELLNEX,2.89,16:01:35
ENAGAS,0.79,16:00:57
ENDESA,3.01,16:01:53
FLUIDRA,1.55,16:01:49
GRIFOLS CL.A,1.44,16:01:50
IAG,0.65,16:01:50
IBERDROLA,4.09,16:01:13
INDITEX,1.56,16:01:46
INM.COLONIAL,0.78,16:01:50
MAPFRE,1.24,16:01:50
MELIA HOTELS,0.83,16:01:51
NATURGY,3.5,16:02:00
PHARMA MAR,1.87,16:01:58
R.E.C.,2.54,16:02:00
REPSOL,2.57,16:00:33
ROVI,0.81,16:02:04
SIEMENS GAME,7.64,15:59:43
SOLARIA,6.33,15:59:44
TELEFONICA,1.31,16:02:04
ACERINOX,-1.32,16:01:36
AENA,-0.31,16:01:32
ARCELORMIT.,-3.02,16:01:46
B.SANTANDER,-1.19,16:02:01
BA.SABADELL,-0.32,16:01:51
BBVA,-1.71,16:02:03
CIE AUTOMOT.,-2.62,16:01:38
INDRA A,-1.04,16:01:52
ACCIONA,3.77,16:02:02
ACS,0.41,16:00:25
ALMIRALL,3.01,16:01:53
AMADEUS,0.78,16:02:00
BANKINTER,0.26,16:01:14
CAIXABANK,1.12,16:02:03
CELLNEX,2.89,16:01:35
ENAGAS,0.79,16:00:57
ENDESA,3.01,16:01:53
FLUIDRA,1.55,16:01:49
GRIFOLS CL.A,1.44,16:01:50
IAG,0.65,16:01:50
IBERDROLA,4.09,16:01:13
INDITEX,1.56,16:01:46
INM.COLONIAL,0.78,16:01:50
MAPFRE,1.24,16:01:50
MELIA HOTELS,0.83,16:01:51
NATURGY,3.5,16:02:00
PHARMA MAR,1.87,16:01:58
R.E.C.,2.54,16:02:00
REPSOL,2.57,16:00:33
ROVI,0.81,16:02:04
SIEMENS GAME,7.64,15:59:43
SOLARIA,6.33,15:59:44
TELEFONICA,1.31,16:02:04
ACERINOX,-1.32,16:01:36
AENA,-0.31,16:01:32
ARCELORMIT.,-3.02,16:01:46
B.SANTANDER,-1.19,16:02:01
BA.SABADELL,-0.32,16:01:51
BBVA,-1.71,16:02:03
CIE AUTOMOT.,-2.62,16:01:38
INDRA A,-1.04,16:01:52
ACCIONA,3.77,16:02:03
ACS,0.37,16:02:35
ALMIRALL,3.01,16:02:30
AMADEUS,0.78,16:02:07
BANKINTER,0.15,16:02:07
CAIXABANK,1.08,16:01:14
CELLNEX,2.91,16:02:34
ENAGAS,0.79,16:02:34
ENDESA,3.09,16:02:34
FLUIDRA,1.55,16:02:35
GRIFOLS CL.A,1.44,16:02:35
IAG,0.56,16:02:11
IBERDROLA,4.09,16:01:50
INDITEX,1.56,16:01:13
INM.COLONIAL,0.66,16:02:18
MAPFRE,1.24,16:02:34
MELIA HOTELS,0.83,16:01:50
NATURGY,3.5,16:02:24
PHARMA MAR,1.87,16:02:35
R.E.C.,2.57,16:02:18
REPSOL,2.48,16:02:00
ROVI,0.81,16:00:33
SIEMENS GAME,7.55,16:02:36
SOLARIA,6.33,15:59:43
TELEFONICA,1.26,15:59:44
ACERINOX,-1.32,16:02:11
AENA,-0.34,16:02:29
ARCELORMIT.,-3.02,16:01:32
B.SANTANDER,-1.24,16:02:05
BA.SABADELL,-0.27,16:02:12
BBVA,-1.77,16:01:51
CIE AUTOMOT.,-2.62,16:02:08
FERROVIAL,-0.04,16:01:38
INDRA A,-1.04,16:02:35
ACCIONA,3.77,16:03:14
ACS,0.45,16:03:02
ALMIRALL,3.01,16:02:07
AMADEUS,0.81,16:03:09
BANKINTER,0.07,16:03:02
CAIXABANK,1.08,16:03:15
CELLNEX,2.98,16:03:14
ENAGAS,0.79,16:03:03
ENDESA,3.12,16:03:14
FLUIDRA,1.55,16:03:15
GRIFOLS CL.A,1.53,16:03:06
IAG,0.68,16:01:50
IBERDROLA,4.14,16:01:13
INDITEX,1.66,16:03:12
INM.COLONIAL,0.66,16:03:14
MAPFRE,1.34,16:01:50
MELIA HOTELS,0.83,16:03:01
NATURGY,3.53,16:03:15
PHARMA MAR,1.87,16:03:12
R.E.C.,2.65,16:03:02
REPSOL,2.53,16:00:33
ROVI,0.81,16:02:36
SIEMENS GAME,7.68,16:03:08
SOLARIA,6.47,15:59:44
TELEFONICA,1.33,16:02:40
ACERINOX,-1.32,16:02:42
AENA,-0.34,16:01:32
ARCELORMIT.,-2.99,16:03:17
B.SANTANDER,-1.21,16:03:02
BA.SABADELL,-0.3,16:01:51
BBVA,-1.71,16:03:02
CIE AUTOMOT.,-2.62,16:03:11
INDRA A,-1.04,16:03:14
ACCIONA,3.6,16:03:42
ACS,0.45,16:03:18
ALMIRALL,3.01,16:03:02
AMADEUS,0.81,16:02:07
BANKINTER,0.07,16:03:43
CAIXABANK,1.02,16:03:23
CELLNEX,2.91,16:03:50
ENAGAS,0.79,16:03:41
ENDESA,3.07,16:03:03
FLUIDRA,1.55,16:03:49
GRIFOLS CL.A,1.5,16:03:49
IAG,0.59,16:03:25
IBERDROLA,4.09,16:03:47
INDITEX,1.61,16:01:13
INM.COLONIAL,0.66,16:03:40
MAPFRE,1.34,16:03:21
MELIA HOTELS,0.83,16:01:50
NATURGY,3.53,16:03:35
PHARMA MAR,1.92,16:03:45
R.E.C.,2.57,16:03:50
REPSOL,2.57,16:03:34
ROVI,0.81,16:00:33
SIEMENS GAME,7.64,16:02:36
SOLARIA,6.47,16:03:08
TELEFONICA,1.31,15:59:44
ACERINOX,-1.28,16:02:40
AENA,-0.34,16:03:47
ARCELORMIT.,-2.91,16:03:32
B.SANTANDER,-1.35,16:03:31
BA.SABADELL,-0.32,16:03:27
BBVA,-1.77,16:01:51
CIE AUTOMOT.,-2.62,16:03:49
FERROVIAL,-0.04,16:03:11
INDRA A,-1.04,16:03:50
ACCIONA,3.6,16:03:42
ACS,0.45,16:03:18
ALMIRALL,3.01,16:03:02
AMADEUS,0.81,16:02:07
BANKINTER,0.07,16:03:43
CAIXABANK,1.02,16:03:23
CELLNEX,2.91,16:03:50
ENAGAS,0.79,16:03:41
ENDESA,3.07,16:03:03
FLUIDRA,1.55,16:03:49
GRIFOLS CL.A,1.5,16:03:49
IAG,0.59,16:03:25
IBERDROLA,4.09,16:03:47
INDITEX,1.61,16:01:13
INM.COLONIAL,0.66,16:03:40
MAPFRE,1.34,16:03:21
MELIA HOTELS,0.83,16:01:50
NATURGY,3.53,16:03:35
PHARMA MAR,1.92,16:03:45
R.E.C.,2.57,16:03:50
REPSOL,2.57,16:03:34
ROVI,0.81,16:00:33
SIEMENS GAME,7.64,16:02:36
SOLARIA,6.47,16:03:08
TELEFONICA,1.31,15:59:44
ACERINOX,-1.28,16:02:40
AENA,-0.34,16:03:47
ARCELORMIT.,-2.91,16:03:32
B.SANTANDER,-1.35,16:03:31
BA.SABADELL,-0.32,16:03:27
BBVA,-1.77,16:01:51
CIE AUTOMOT.,-2.62,16:03:49
FERROVIAL,-0.04,16:03:11
INDRA A,-1.04,16:03:50
ACCIONA,3.6,16:04:15
ACS,0.37,16:04:18
ALMIRALL,3.01,16:03:02
AMADEUS,0.84,16:02:07
BANKINTER,0.07,16:03:57
CAIXABANK,0.96,16:04:16
CELLNEX,2.91,16:04:24
ENAGAS,0.79,16:04:03
ENDESA,3.14,16:03:55
FLUIDRA,1.55,16:04:16
GRIFOLS CL.A,1.5,16:04:03
IAG,0.68,16:03:25
IBERDROLA,4.09,16:03:47
INDITEX,1.61,16:01:13
INM.COLONIAL,0.66,16:04:11
MAPFRE,1.34,16:03:21
MELIA HOTELS,0.83,16:01:50
NATURGY,3.53,16:04:04
PHARMA MAR,1.92,16:04:15
R.E.C.,2.62,16:04:22
REPSOL,2.53,16:03:34
ROVI,0.81,16:00:33
SIEMENS GAME,7.68,16:02:36
SOLARIA,6.47,16:03:08
TELEFONICA,1.31,15:59:44
ACERINOX,-1.28,16:02:40
AENA,-0.34,16:03:47
ARCELORMIT.,-2.96,16:03:32
B.SANTANDER,-1.33,16:04:12
BA.SABADELL,-0.38,16:04:16
BBVA,-1.73,16:01:51
CIE AUTOMOT.,-2.62,16:04:11
FERROVIAL,-0.04,16:03:11
INDRA A,-1.04,16:04:10
ACCIONA,3.6,16:04:43
ACS,0.33,16:04:46
ALMIRALL,3.01,16:03:02
AMADEUS,0.84,16:02:07
BANKINTER,0.04,16:04:40
CAIXABANK,0.89,16:04:41
CELLNEX,2.91,16:04:56
ENAGAS,0.79,16:04:03
ENDESA,3.2,16:04:53
FLUIDRA,1.48,16:04:56
GRIFOLS CL.A,1.38,16:04:47
IAG,0.53,16:04:53
IBERDROLA,4.14,16:03:47
INDITEX,1.56,16:01:13
INM.COLONIAL,0.66,16:04:59
MAPFRE,1.34,16:03:21
MELIA HOTELS,0.83,16:04:43
NATURGY,3.53,16:04:55
PHARMA MAR,1.81,16:04:50
R.E.C.,2.7,16:04:53
REPSOL,2.57,16:04:53
ROVI,0.81,16:04:44
SIEMENS GAME,7.68,16:02:36
SOLARIA,6.57,16:04:47
TELEFONICA,1.26,15:59:44
ACERINOX,-1.36,16:02:40
AENA,-0.34,16:03:47
ARCELORMIT.,-3.04,16:04:41
B.SANTANDER,-1.33,16:04:59
BA.SABADELL,-0.38,16:04:55
BBVA,-1.75,16:01:51
CIE AUTOMOT.,-2.62,16:04:48
FERROVIAL,-0.04,16:04:58
INDRA A,-1.19,16:04:54
ACCIONA,3.6,16:05:09
ACS,0.33,16:05:01
ALMIRALL,3.01,16:04:46
AMADEUS,0.78,16:05:03
BANKINTER,0.04,16:02:07
CAIXABANK,0.89,16:05:09
CELLNEX,2.91,16:04:41
ENAGAS,0.79,16:04:56
ENDESA,3.14,16:04:03
FLUIDRA,1.4,16:04:53
GRIFOLS CL.A,1.38,16:05:08
IAG,0.42,16:05:02
IBERDROLA,4.14,16:04:53
INDITEX,1.56,16:03:47
INM.COLONIAL,0.6,16:01:13
MAPFRE,1.34,16:05:08
MELIA HOTELS,0.53,16:05:03
NATURGY,3.53,16:05:04
PHARMA MAR,1.73,16:05:05
R.E.C.,2.7,16:05:08
REPSOL,2.53,16:04:53
ROVI,0.74,16:04:53
SIEMENS GAME,7.74,16:04:44
SOLARIA,6.57,16:05:07
TELEFONICA,1.26,16:04:47
ACERINOX,-1.4,16:05:07
AENA,-0.41,16:05:07
ARCELORMIT.,-3.04,16:03:47
B.SANTANDER,-1.33,16:05:05
BA.SABADELL,-0.38,16:04:59
BBVA,-1.77,16:05:06
CIE AUTOMOT.,-2.62,16:05:05
FERROVIAL,-0.12,16:05:04
INDRA A,-1.19,16:04:58
MERLIN,-0.09,16:04:54
ACCIONA,3.6,16:05:09
ACS,0.33,16:05:01
ALMIRALL,3.01,16:04:46
AMADEUS,0.78,16:05:03
BANKINTER,0.04,16:02:07
CAIXABANK,0.89,16:05:09
CELLNEX,2.91,16:04:41
ENAGAS,0.79,16:04:56
ENDESA,3.14,16:04:03
FLUIDRA,1.4,16:04:53
GRIFOLS CL.A,1.38,16:05:08
IAG,0.42,16:05:02
IBERDROLA,4.14,16:04:53
INDITEX,1.56,16:03:47
INM.COLONIAL,0.6,16:01:13
MAPFRE,1.34,16:05:08
MELIA HOTELS,0.53,16:05:03
NATURGY,3.53,16:05:04
PHARMA MAR,1.73,16:05:05
R.E.C.,2.7,16:05:08
REPSOL,2.53,16:04:53
ROVI,0.74,16:04:53
SIEMENS GAME,7.74,16:04:44
SOLARIA,6.57,16:05:07
TELEFONICA,1.26,16:04:47
ACERINOX,-1.4,16:05:07
AENA,-0.41,16:05:07
ARCELORMIT.,-3.04,16:03:47
B.SANTANDER,-1.33,16:05:05
BA.SABADELL,-0.38,16:04:59
BBVA,-1.77,16:05:06
CIE AUTOMOT.,-2.62,16:05:05
FERROVIAL,-0.12,16:05:04
INDRA A,-1.19,16:04:58
MERLIN,-0.09,16:04:54
ACCIONA,3.43,16:05:35
ACS,0.25,16:05:40
ALMIRALL,2.92,16:05:03
AMADEUS,0.71,16:05:15
CAIXABANK,0.92,16:05:35
CELLNEX,2.91,16:05:24
ENAGAS,0.79,16:05:36
ENDESA,2.94,16:05:28
FLUIDRA,1.4,16:05:35
GRIFOLS CL.A,1.15,16:05:41
IAG,0.3,16:05:40
IBERDROLA,3.79,16:05:40
INDITEX,1.46,16:05:22
INM.COLONIAL,0.54,16:05:27
MAPFRE,1.34,16:05:40
MELIA HOTELS,0.53,16:05:35
NATURGY,3.46,16:05:04
PHARMA MAR,1.65,16:05:41
R.E.C.,2.6,16:05:38
REPSOL,2.53,16:05:40
ROVI,0.81,16:05:27
SIEMENS GAME,7.39,16:05:35
SOLARIA,6.38,16:05:37
TELEFONICA,1.24,16:04:47
ACERINOX,-1.5,16:05:07
AENA,-0.41,16:05:07
ARCELORMIT.,-3.28,16:05:16
B.SANTANDER,-1.36,16:05:41
BA.SABADELL,-0.49,16:05:29
BBVA,-1.71,16:05:23
CIE AUTOMOT.,-2.62,16:05:27
FERROVIAL,-0.21,16:05:39
INDRA A,-1.45,16:05:23
MERLIN,-0.09,16:05:35
ACCIONA,3.43,16:06:11
ACS,0.29,16:06:05
ALMIRALL,3.01,16:05:03
AMADEUS,0.67,16:06:12
CAIXABANK,0.96,16:06:13
CELLNEX,2.89,16:06:13
ENAGAS,0.79,16:06:14
ENDESA,2.96,16:05:56
FLUIDRA,1.24,16:05:35
GRIFOLS CL.A,1.27,16:06:01
IAG,0.33,16:05:55
IBERDROLA,3.89,16:05:43
INDITEX,1.46,16:06:12
INM.COLONIAL,0.54,16:06:11
MAPFRE,1.34,16:06:12
MELIA HOTELS,0.53,16:05:35
NATURGY,3.42,16:05:44
PHARMA MAR,1.6,16:06:12
R.E.C.,2.6,16:06:13
REPSOL,2.48,16:06:16
ROVI,0.81,16:05:27
SIEMENS GAME,7.39,16:05:35
SOLARIA,6.24,16:05:37
TELEFONICA,1.31,16:06:15
ACERINOX,-1.48,16:05:07
AENA,-0.41,16:05:07
ARCELORMIT.,-3.41,16:06:10
B.SANTANDER,-1.32,16:06:14
BA.SABADELL,-0.49,16:05:29
BBVA,-1.73,16:06:08
CIE AUTOMOT.,-2.82,16:05:27
FERROVIAL,-0.21,16:05:42
INDRA A,-1.45,16:06:07
MERLIN,-0.09,16:06:14
ACCIONA,3.43,16:06:11
ACS,0.29,16:06:05
ALMIRALL,3.01,16:05:03
AMADEUS,0.67,16:06:12
CAIXABANK,0.96,16:06:13
CELLNEX,2.89,16:06:13
ENAGAS,0.79,16:06:14
ENDESA,2.96,16:05:56
FLUIDRA,1.24,16:05:35
GRIFOLS CL.A,1.27,16:06:01
IAG,0.33,16:05:55
IBERDROLA,3.89,16:05:43
INDITEX,1.46,16:06:12
INM.COLONIAL,0.54,16:06:11
MAPFRE,1.34,16:06:12
MELIA HOTELS,0.53,16:05:35
NATURGY,3.42,16:05:44
PHARMA MAR,1.6,16:06:12
R.E.C.,2.6,16:06:13
REPSOL,2.48,16:06:16
ROVI,0.81,16:05:27
SIEMENS GAME,7.39,16:05:35
SOLARIA,6.24,16:05:37
TELEFONICA,1.31,16:06:15
ACERINOX,-1.48,16:05:07
AENA,-0.41,16:05:07
ARCELORMIT.,-3.41,16:06:10
B.SANTANDER,-1.32,16:06:14
BA.SABADELL,-0.49,16:05:29
BBVA,-1.73,16:06:08
CIE AUTOMOT.,-2.82,16:05:27
FERROVIAL,-0.21,16:05:42
INDRA A,-1.45,16:06:07
MERLIN,-0.09,16:06:14
ACCIONA,3.38,16:06:20
ACS,0.29,16:06:45
ALMIRALL,3.01,16:06:05
AMADEUS,0.64,16:05:03
CAIXABANK,0.89,16:06:12
CELLNEX,2.77,16:06:27
ENAGAS,0.79,16:06:50
ENDESA,2.96,16:06:52
FLUIDRA,0.93,16:06:45
GRIFOLS CL.A,1.15,16:06:48
IAG,0.21,16:06:44
IBERDROLA,3.89,16:06:46
INDITEX,1.36,16:06:29
INM.COLONIAL,0.54,16:06:12
MAPFRE,1.34,16:06:43
MELIA HOTELS,0.45,16:06:12
NATURGY,3.38,16:05:35
PHARMA MAR,1.49,16:06:32
R.E.C.,2.54,16:06:45
REPSOL,2.4,16:06:39
ROVI,0.81,16:06:52
SIEMENS GAME,7.27,16:06:43
SOLARIA,5.86,16:06:26
TELEFONICA,1.33,16:05:37
ACERINOX,-1.64,16:06:15
AENA,-0.41,16:06:25
ARCELORMIT.,-3.56,16:06:20
B.SANTANDER,-1.41,16:06:32
BA.SABADELL,-0.57,16:06:26
BANKINTER,-0.07,16:06:31
BBVA,-1.77,16:06:46
CIE AUTOMOT.,-2.82,16:05:27
FERROVIAL,-0.21,16:06:40
INDRA A,-1.5,16:06:48
MERLIN,-0.09,16:06:34
ACCIONA,3.27,16:07:14
ACS,0.29,16:07:19
ALMIRALL,3.01,16:07:04
AMADEUS,0.47,16:07:17
CAIXABANK,0.86,16:06:58
CELLNEX,2.8,16:07:29
ENAGAS,0.79,16:07:29
ENDESA,2.94,16:07:31
FLUIDRA,0.93,16:07:24
GRIFOLS CL.A,1.15,16:07:24
IAG,0.09,16:07:31
IBERDROLA,3.94,16:07:19
INDITEX,1.31,16:07:28
INM.COLONIAL,0.42,16:06:12
MAPFRE,1.24,16:07:26
MELIA HOTELS,0.23,16:07:17
NATURGY,3.38,16:07:31
PHARMA MAR,1.43,16:07:19
R.E.C.,2.6,16:06:45
REPSOL,2.36,16:07:21
ROVI,0.88,16:07:30
SIEMENS GAME,7.14,16:07:30
SOLARIA,5.86,16:06:26
TELEFONICA,1.28,16:07:28
ACERINOX,-1.66,16:07:18
AENA,-0.55,16:07:20
ARCELORMIT.,-3.75,16:07:28
B.SANTANDER,-1.43,16:06:32
BA.SABADELL,-0.62,16:07:20
BANKINTER,-0.11,16:07:30
BBVA,-1.82,16:07:19
CIE AUTOMOT.,-2.82,16:07:27
FERROVIAL,-0.25,16:07:31
INDRA A,-1.5,16:06:48
MERLIN,-0.19,16:07:30
ACCIONA,3.27,16:07:19
ACS,0.29,16:07:04
ALMIRALL,3.01,16:07:17
AMADEUS,0.47,16:06:58
CAIXABANK,0.89,16:07:29
CELLNEX,2.8,16:07:32
ENAGAS,0.79,16:07:32
ENDESA,2.94,16:07:24
FLUIDRA,0.93,16:07:24
GRIFOLS CL.A,1.15,16:07:31
IBERDROLA,3.94,16:07:31
INDITEX,1.31,16:07:28
INM.COLONIAL,0.42,16:07:32
MAPFRE,1.24,16:07:31
MELIA HOTELS,0.23,16:07:17
NATURGY,3.38,16:07:31
PHARMA MAR,1.43,16:07:19
R.E.C.,2.6,16:06:45
REPSOL,2.36,16:07:31
ROVI,0.88,16:07:30
SIEMENS GAME,7.14,16:07:30
SOLARIA,5.86,16:06:26
TELEFONICA,1.28,16:07:31
ACERINOX,-1.66,16:07:18
AENA,-0.55,16:07:20
ARCELORMIT.,-3.72,16:07:28
B.SANTANDER,-1.44,16:06:32
BA.SABADELL,-0.62,16:07:20
BANKINTER,-0.11,16:07:30
BBVA,-1.8,16:07:32
CIE AUTOMOT.,-2.91,16:07:27
FERROVIAL,-0.25,16:07:31
INDRA A,-1.5,16:06:48
MERLIN,-0.19,16:07:31
ACCIONA,3.27,16:07:19
ACS,0.29,16:07:04
ALMIRALL,3.01,16:07:17
AMADEUS,0.47,16:06:58
CAIXABANK,0.89,16:07:29
CELLNEX,2.8,16:07:32
ENAGAS,0.79,16:07:32
ENDESA,2.94,16:07:24
FLUIDRA,0.93,16:07:24
GRIFOLS CL.A,1.15,16:07:31
IBERDROLA,3.94,16:07:31
INDITEX,1.31,16:07:28
INM.COLONIAL,0.42,16:07:32
MAPFRE,1.24,16:07:31
MELIA HOTELS,0.23,16:07:17
NATURGY,3.38,16:07:31
PHARMA MAR,1.43,16:07:19
R.E.C.,2.6,16:06:45
REPSOL,2.36,16:07:31
ROVI,0.88,16:07:30
SIEMENS GAME,7.14,16:07:30
SOLARIA,5.86,16:06:26
TELEFONICA,1.28,16:07:31
ACERINOX,-1.66,16:07:18
AENA,-0.55,16:07:20
ARCELORMIT.,-3.72,16:07:28
B.SANTANDER,-1.44,16:06:32
BA.SABADELL,-0.62,16:07:20
BANKINTER,-0.11,16:07:30
BBVA,-1.8,16:07:32
CIE AUTOMOT.,-2.91,16:07:27
FERROVIAL,-0.25,16:07:31
INDRA A,-1.5,16:06:48
MERLIN,-0.19,16:07:31
ACCIONA,3.15,16:07:38
ACS,0.25,16:07:44
ALMIRALL,3.01,16:08:02
AMADEUS,0.47,16:06:58
CAIXABANK,0.86,16:07:29
CELLNEX,2.82,16:07:53
ENAGAS,0.79,16:08:01
ENDESA,2.81,16:08:00
FLUIDRA,0.85,16:07:42
GRIFOLS CL.A,1.12,16:08:00
IBERDROLA,3.84,16:07:47
INDITEX,1.16,16:08:00
INM.COLONIAL,0.42,16:07:32
MAPFRE,1.24,16:08:01
MELIA HOTELS,0.23,16:08:05
NATURGY,3.27,16:07:48
PHARMA MAR,1.43,16:08:07
R.E.C.,2.51,16:07:33
REPSOL,2.36,16:08:03
ROVI,0.81,16:08:05
SIEMENS GAME,6.8,16:07:50
SOLARIA,5.86,16:08:03
TELEFONICA,1.28,16:07:31
ACERINOX,-1.7,16:07:18
AENA,-0.58,16:07:20
ARCELORMIT.,-3.83,16:07:28
B.SANTANDER,-1.38,16:08:07
BA.SABADELL,-0.57,16:07:20
BANKINTER,-0.04,16:08:06
BBVA,-1.75,16:08:05
CIE AUTOMOT.,-2.91,16:07:40
FERROVIAL,-0.25,16:08:03
INDRA A,-1.61,16:08:05
MERLIN,-0.19,16:08:06
ACCIONA,3.15,16:08:20
ACS,0.25,16:07:44
ALMIRALL,3.01,16:08:15
AMADEUS,0.17,16:06:58
CAIXABANK,0.92,16:08:41
CELLNEX,2.73,16:08:39
ENAGAS,0.74,16:08:38
ENDESA,2.81,16:08:08
FLUIDRA,0.78,16:08:08
GRIFOLS CL.A,1.07,16:08:33
IBERDROLA,3.84,16:08:14
INDITEX,1.26,16:08:18
INM.COLONIAL,0.3,16:07:32
MAPFRE,1.24,16:08:32
MELIA HOTELS,0.23,16:08:17
NATURGY,3.12,16:08:27
PHARMA MAR,1.43,16:08:25
R.E.C.,2.57,16:08:22
REPSOL,2.36,16:08:31
ROVI,0.96,16:08:35
SIEMENS GAME,6.64,16:08:38
SOLARIA,5.67,16:08:03
TELEFONICA,1.28,16:08:29
ACERINOX,-1.76,16:07:18
AENA,-0.72,16:07:20
ARCELORMIT.,-3.92,16:07:28
B.SANTANDER,-1.29,16:08:28
BA.SABADELL,-0.51,16:07:20
BBVA,-1.71,16:08:32
CIE AUTOMOT.,-2.91,16:08:33
FERROVIAL,-0.33,16:08:25
IAG,-0.09,16:08:40
INDRA A,-1.61,16:08:40
MERLIN,-0.19,16:08:40
ACCIONA,3.1,16:08:52
ACS,0.12,16:09:19
ALMIRALL,3.01,16:09:22
AMADEUS,0.17,16:09:20
CAIXABANK,0.76,16:06:58
CELLNEX,2.71,16:09:21
ENAGAS,0.74,16:09:18
ENDESA,2.81,16:09:11
FLUIDRA,0.7,16:09:02
GRIFOLS CL.A,0.81,16:08:55
IBERDROLA,3.84,16:09:17
INDITEX,1.11,16:09:11
INM.COLONIAL,0.24,16:09:16
MAPFRE,1.18,16:07:32
MELIA HOTELS,0.23,16:08:56
NATURGY,3.24,16:09:22
PHARMA MAR,1.33,16:09:13
R.E.C.,2.57,16:09:20
REPSOL,2.19,16:09:15
ROVI,0.96,16:09:17
SIEMENS GAME,6.67,16:09:20
SOLARIA,5.77,16:09:22
TELEFONICA,1.15,16:08:03
ACERINOX,-1.84,16:09:02
AENA,-0.86,16:08:51
ARCELORMIT.,-4.1,16:07:20
B.SANTANDER,-1.47,16:09:03
BA.SABADELL,-0.62,16:08:56
BANKINTER,-0.04,16:08:55
BBVA,-1.9,16:08:32
CIE AUTOMOT.,-2.91,16:09:22
FERROVIAL,-0.41,16:08:25
IAG,-0.24,16:09:21
INDRA A,-1.61,16:09:06
MERLIN,-0.37,16:09:17
ACCIONA,3.1,16:08:52
ACS,0.12,16:09:19
ALMIRALL,3.01,16:09:22
AMADEUS,0.17,16:09:20
CAIXABANK,0.76,16:06:58
CELLNEX,2.71,16:09:21
ENAGAS,0.74,16:09:18
ENDESA,2.81,16:09:11
FLUIDRA,0.7,16:09:02
GRIFOLS CL.A,0.81,16:08:55
IBERDROLA,3.84,16:09:17
INDITEX,1.11,16:09:11
INM.COLONIAL,0.24,16:09:16
MAPFRE,1.18,16:07:32
MELIA HOTELS,0.23,16:08:56
NATURGY,3.24,16:09:22
PHARMA MAR,1.33,16:09:13
R.E.C.,2.57,16:09:20
REPSOL,2.19,16:09:15
ROVI,0.96,16:09:17
SIEMENS GAME,6.67,16:09:20
SOLARIA,5.77,16:09:22
TELEFONICA,1.15,16:08:03
ACERINOX,-1.84,16:09:02
AENA,-0.86,16:08:51
ARCELORMIT.,-4.1,16:07:20
B.SANTANDER,-1.47,16:09:03
BA.SABADELL,-0.62,16:08:56
BANKINTER,-0.04,16:08:55
BBVA,-1.9,16:08:32
CIE AUTOMOT.,-2.91,16:09:22
FERROVIAL,-0.41,16:08:25
IAG,-0.24,16:09:21
INDRA A,-1.61,16:09:06
MERLIN,-0.37,16:09:17
ACCIONA,3.1,16:09:31
ACS,0.08,16:09:54
ALMIRALL,3.01,16:09:45
AMADEUS,0.13,16:06:58
CAIXABANK,0.76,16:09:55
CELLNEX,2.75,16:09:25
ENAGAS,0.69,16:09:55
ENDESA,2.78,16:09:55
FLUIDRA,0.7,16:08:55
GRIFOLS CL.A,0.92,16:09:39
IBERDROLA,3.84,16:09:23
INDITEX,1.11,16:09:51
INM.COLONIAL,0.24,16:09:50
MAPFRE,1.13,16:09:54
NATURGY,3.24,16:09:45
PHARMA MAR,1.33,16:09:13
R.E.C.,2.57,16:09:20
REPSOL,2.06,16:09:41
ROVI,0.96,16:09:56
SIEMENS GAME,6.77,16:09:20
SOLARIA,5.77,16:09:48
TELEFONICA,1.13,16:09:28
ACERINOX,-1.84,16:09:02
AENA,-0.89,16:09:45
ARCELORMIT.,-4.12,16:09:54
B.SANTANDER,-1.47,16:09:26
BA.SABADELL,-0.67,16:08:56
BANKINTER,-0.04,16:08:55
BBVA,-1.86,16:08:32
CIE AUTOMOT.,-2.91,16:09:55
FERROVIAL,-0.41,16:08:25
IAG,-0.24,16:09:38
INDRA A,-1.82,16:09:48
MERLIN,-0.37,16:09:56
ACCIONA,3.1,16:10:07
ACS,0.12,16:10:10
ALMIRALL,3.01,16:10:19
AMADEUS,0.24,16:10:12
CAIXABANK,0.76,16:06:58
CELLNEX,2.77,16:10:22
ENAGAS,0.69,16:10:24
ENDESA,2.83,16:10:18
FLUIDRA,0.7,16:10:02
GRIFOLS CL.A,0.92,16:10:04
IBERDROLA,3.89,16:10:21
INDITEX,1.21,16:10:22
INM.COLONIAL,0.24,16:10:15
MAPFRE,1.13,16:10:13
MELIA HOTELS,0.08,16:10:12
NATURGY,3.24,16:10:12
PHARMA MAR,1.46,16:10:12
R.E.C.,2.57,16:09:20
REPSOL,2.06,16:10:20
ROVI,1.11,16:10:16
SIEMENS GAME,6.8,16:10:27
SOLARIA,5.81,16:10:19
TELEFONICA,1.17,16:10:12
ACERINOX,-1.86,16:10:06
AENA,-0.82,16:10:06
ARCELORMIT.,-4.09,16:10:24
B.SANTANDER,-1.39,16:10:08
BA.SABADELL,-0.67,16:08:56
BANKINTER,-0.04,16:10:21
BBVA,-1.84,16:08:32
CIE AUTOMOT.,-2.91,16:10:24
FERROVIAL,-0.41,16:10:09
IAG,-0.12,16:10:23
INDRA A,-1.82,16:10:13
MERLIN,-0.37,16:10:26
ACCIONA,3.1,16:10:07
ACS,0.12,16:10:10
ALMIRALL,3.01,16:10:19
AMADEUS,0.24,16:10:12
CAIXABANK,0.76,16:06:58
CELLNEX,2.77,16:10:22
ENAGAS,0.69,16:10:24
ENDESA,2.83,16:10:18
FLUIDRA,0.7,16:10:02
GRIFOLS CL.A,0.92,16:10:04
IBERDROLA,3.89,16:10:21
INDITEX,1.21,16:10:22
INM.COLONIAL,0.24,16:10:15
MAPFRE,1.13,16:10:13
MELIA HOTELS,0.08,16:10:12
NATURGY,3.24,16:10:12
PHARMA MAR,1.46,16:10:12
R.E.C.,2.57,16:09:20
REPSOL,2.06,16:10:20
ROVI,1.11,16:10:16
SIEMENS GAME,6.8,16:10:27
SOLARIA,5.81,16:10:19
TELEFONICA,1.17,16:10:12
ACERINOX,-1.86,16:10:06
AENA,-0.82,16:10:06
ARCELORMIT.,-4.09,16:10:24
B.SANTANDER,-1.39,16:10:08
BA.SABADELL,-0.67,16:08:56
BANKINTER,-0.04,16:10:21
BBVA,-1.84,16:08:32
CIE AUTOMOT.,-2.91,16:10:24
FERROVIAL,-0.41,16:10:09
IAG,-0.12,16:10:23
INDRA A,-1.82,16:10:13
MERLIN,-0.37,16:10:26
ACCIONA,3.1,16:10:07
ACS,0.12,16:10:10
ALMIRALL,3.01,16:10:19
AMADEUS,0.24,16:10:12
CAIXABANK,0.76,16:06:58
CELLNEX,2.8,16:10:22
ENAGAS,0.69,16:10:28
ENDESA,2.83,16:10:31
FLUIDRA,0.7,16:10:02
GRIFOLS CL.A,0.92,16:10:04
IBERDROLA,3.84,16:10:21
INDITEX,1.21,16:10:22
INM.COLONIAL,0.24,16:10:27
MAPFRE,1.13,16:10:13
MELIA HOTELS,0.08,16:10:12
NATURGY,3.2,16:10:12
PHARMA MAR,1.46,16:10:29
R.E.C.,2.46,16:09:20
REPSOL,2.06,16:10:20
ROVI,1.33,16:10:31
SIEMENS GAME,6.86,16:10:30
SOLARIA,5.95,16:10:19
TELEFONICA,1.17,16:10:12
ACERINOX,-1.86,16:10:06
AENA,-0.82,16:10:06
ARCELORMIT.,-4.0,16:10:24
B.SANTANDER,-1.43,16:10:08
BA.SABADELL,-0.67,16:10:32
BANKINTER,-0.04,16:10:21
BBVA,-1.84,16:10:30
CIE AUTOMOT.,-2.91,16:10:24
FERROVIAL,-0.41,16:10:31
IAG,-0.18,16:10:30
INDRA A,-1.82,16:10:30
MERLIN,-0.37,16:10:26
ACCIONA,3.1,16:10:10
ACS,0.04,16:11:04
ALMIRALL,3.01,16:10:12
AMADEUS,0.07,16:06:58
CAIXABANK,0.8,16:10:56
CELLNEX,2.8,16:10:50
ENAGAS,0.69,16:10:58
ENDESA,2.75,16:10:54
FLUIDRA,0.7,16:10:04
GRIFOLS CL.A,0.92,16:11:05
IBERDROLA,3.89,16:10:48
INDITEX,1.16,16:10:27
INM.COLONIAL,0.24,16:11:04
MAPFRE,1.13,16:10:12
NATURGY,3.2,16:10:46
PHARMA MAR,1.41,16:11:05
R.E.C.,2.46,16:09:20
REPSOL,2.19,16:10:20
ROVI,1.4,16:11:01
SIEMENS GAME,6.64,16:11:04
SOLARIA,5.81,16:10:56
TELEFONICA,1.17,16:10:55
ACERINOX,-1.86,16:10:06
AENA,-0.82,16:10:06
ARCELORMIT.,-3.94,16:10:55
B.SANTANDER,-1.41,16:10:08
BA.SABADELL,-0.49,16:10:32
BANKINTER,-0.04,16:10:52
BBVA,-1.82,16:10:30
CIE AUTOMOT.,-2.82,16:10:47
FERROVIAL,-0.41,16:10:44
IAG,-0.21,16:10:59
INDRA A,-1.82,16:11:00
MERLIN,-0.37,16:10:50
ACCIONA,3.04,16:11:40
ACS,0.04,16:11:04
ALMIRALL,3.01,16:10:12
AMADEUS,0.13,16:06:58
CAIXABANK,0.83,16:11:09
CELLNEX,2.84,16:11:35
ENAGAS,0.69,16:11:42
ENDESA,2.6,16:10:54
FLUIDRA,0.47,16:10:04
GRIFOLS CL.A,0.84,16:11:41
IBERDROLA,3.79,16:11:35
INDITEX,1.11,16:11:38
INM.COLONIAL,0.18,16:11:04
MAPFRE,1.13,16:11:29
NATURGY,3.09,16:11:35
PHARMA MAR,1.41,16:11:25
R.E.C.,2.38,16:11:26
REPSOL,2.27,16:11:29
ROVI,1.33,16:11:31
SIEMENS GAME,6.05,16:11:36
SOLARIA,5.77,16:11:42
TELEFONICA,1.24,16:11:28
ACERINOX,-1.86,16:11:28
AENA,-0.82,16:10:06
ARCELORMIT.,-3.82,16:10:55
B.SANTANDER,-1.36,16:10:08
BA.SABADELL,-0.49,16:11:37
BANKINTER,-0.04,16:11:09
BBVA,-1.79,16:11:38
CIE AUTOMOT.,-2.82,16:11:26
FERROVIAL,-0.45,16:11:42
IAG,-0.3,16:11:42
INDRA A,-1.87,16:11:34
MERLIN,-0.37,16:11:36
ACCIONA,3.04,16:11:40
ACS,0.04,16:11:04
ALMIRALL,3.01,16:10:12
AMADEUS,0.13,16:06:58
CAIXABANK,0.83,16:11:09
CELLNEX,2.84,16:11:35
ENAGAS,0.69,16:11:42
ENDESA,2.6,16:10:54
FLUIDRA,0.47,16:10:04
GRIFOLS CL.A,0.84,16:11:41
IBERDROLA,3.79,16:11:35
INDITEX,1.11,16:11:38
INM.COLONIAL,0.18,16:11:04
MAPFRE,1.13,16:11:29
NATURGY,3.09,16:11:35
PHARMA MAR,1.41,16:11:25
R.E.C.,2.38,16:11:26
REPSOL,2.27,16:11:29
ROVI,1.33,16:11:31
SIEMENS GAME,6.05,16:11:36
SOLARIA,5.77,16:11:42
TELEFONICA,1.24,16:11:28
ACERINOX,-1.86,16:11:28
AENA,-0.82,16:10:06
ARCELORMIT.,-3.82,16:10:55
B.SANTANDER,-1.36,16:10:08
BA.SABADELL,-0.49,16:11:37
BANKINTER,-0.04,16:11:09
BBVA,-1.79,16:11:38
CIE AUTOMOT.,-2.82,16:11:26
FERROVIAL,-0.45,16:11:42
IAG,-0.3,16:11:42
INDRA A,-1.87,16:11:34
MERLIN,-0.37,16:11:36
ACCIONA,3.1,16:12:12
ACS,0.08,16:12:11
ALMIRALL,3.01,16:12:11
AMADEUS,0.1,16:06:58
BANKINTER,0.04,16:12:15
CAIXABANK,0.89,16:12:14
CELLNEX,2.84,16:12:12
ENAGAS,0.69,16:12:13
ENDESA,2.62,16:11:55
FLUIDRA,0.47,16:12:16
GRIFOLS CL.A,0.89,16:12:11
IBERDROLA,3.84,16:11:38
INDITEX,1.26,16:11:55
INM.COLONIAL,0.24,16:11:45
MAPFRE,1.24,16:11:56
NATURGY,3.09,16:11:25
PHARMA MAR,1.41,16:11:26
R.E.C.,2.49,16:12:15
REPSOL,2.27,16:12:15
ROVI,1.33,16:12:11
SIEMENS GAME,6.2,16:11:56
SOLARIA,5.86,16:11:28
TELEFONICA,1.28,16:11:51
ACERINOX,-1.84,16:11:50
AENA,-0.75,16:12:14
ARCELORMIT.,-3.82,16:10:08
B.SANTANDER,-1.25,16:11:37
BA.SABADELL,-0.46,16:11:09
BBVA,-1.71,16:12:15
CIE AUTOMOT.,-2.82,16:12:15
FERROVIAL,-0.45,16:11:42
IAG,-0.21,16:12:11
INDRA A,-1.87,16:12:11
MERLIN,-0.37,16:12:12
ACCIONA,3.15,16:12:43
ACS,0.08,16:12:39
ALMIRALL,3.01,16:12:53
BANKINTER,0.07,16:12:11
CAIXABANK,0.92,16:06:58
CELLNEX,2.89,16:12:41
ENAGAS,0.79,16:12:14
ENDESA,2.83,16:12:49
FLUIDRA,0.62,16:12:22
GRIFOLS CL.A,0.89,16:12:27
IBERDROLA,4.04,16:12:52
INDITEX,1.16,16:12:46
INM.COLONIAL,0.42,16:12:38
MAPFRE,1.24,16:12:52
NATURGY,3.05,16:12:48
PHARMA MAR,1.41,16:12:48
R.E.C.,2.54,16:12:52
REPSOL,2.27,16:12:42
ROVI,1.33,16:12:32
SIEMENS GAME,6.36,16:12:49
SOLARIA,6.05,16:12:52
TELEFONICA,1.28,16:12:46
ACERINOX,-1.84,16:11:28
AENA,-0.75,16:12:53
AMADEUS,-0.07,16:12:52
ARCELORMIT.,-3.82,16:12:50
B.SANTANDER,-1.32,16:10:08
BA.SABADELL,-0.49,16:12:48
BBVA,-1.73,16:11:09
CIE AUTOMOT.,-2.72,16:12:27
FERROVIAL,-0.45,16:12:26
IAG,-0.36,16:11:42
INDRA A,-1.87,16:12:36
MELIA HOTELS,-0.15,16:12:44
MERLIN,-0.37,16:12:52
ACCIONA,3.15,16:12:43
ACS,0.08,16:13:23
ALMIRALL,3.01,16:13:12
AMADEUS,0.03,16:12:11
BANKINTER,0.04,16:06:58
CAIXABANK,0.89,16:13:12
CELLNEX,2.89,16:13:21
ENAGAS,0.79,16:13:20
ENDESA,2.81,16:13:21
FLUIDRA,0.62,16:13:06
GRIFOLS CL.A,0.89,16:13:19
IBERDROLA,3.99,16:13:08
INDITEX,1.11,16:13:11
INM.COLONIAL,0.42,16:12:52
MAPFRE,1.24,16:12:56
NATURGY,3.01,16:13:01
PHARMA MAR,1.33,16:12:57
R.E.C.,2.62,16:12:42
REPSOL,2.23,16:13:16
ROVI,1.33,16:13:15
SIEMENS GAME,6.52,16:13:12
SOLARIA,6.19,16:13:19
TELEFONICA,1.26,16:11:28
ACERINOX,-1.84,16:13:10
AENA,-0.75,16:12:52
ARCELORMIT.,-3.83,16:12:50
B.SANTANDER,-1.36,16:10:08
BA.SABADELL,-0.54,16:12:55
BBVA,-1.77,16:13:01
CIE AUTOMOT.,-2.72,16:13:17
FERROVIAL,-0.5,16:13:24
IAG,-0.42,16:13:05
INDRA A,-1.87,16:13:18
MELIA HOTELS,-0.15,16:13:08
MERLIN,-0.37,16:13:26
ACCIONA,3.15,16:12:43
ACS,0.08,16:13:23
ALMIRALL,3.01,16:13:12
AMADEUS,0.03,16:12:11
BANKINTER,0.04,16:06:58
CAIXABANK,0.89,16:13:12
CELLNEX,2.89,16:13:21
ENAGAS,0.79,16:13:20
ENDESA,2.81,16:13:21
FLUIDRA,0.62,16:13:06
GRIFOLS CL.A,0.89,16:13:19
IBERDROLA,3.99,16:13:08
INDITEX,1.11,16:13:11
INM.COLONIAL,0.42,16:12:52
MAPFRE,1.24,16:12:56
NATURGY,3.01,16:13:01
PHARMA MAR,1.33,16:12:57
R.E.C.,2.62,16:12:42
REPSOL,2.23,16:13:16
ROVI,1.33,16:13:15
SIEMENS GAME,6.52,16:13:12
SOLARIA,6.19,16:13:19
TELEFONICA,1.26,16:11:28
ACERINOX,-1.84,16:13:10
AENA,-0.75,16:12:52
ARCELORMIT.,-3.83,16:12:50
B.SANTANDER,-1.36,16:10:08
BA.SABADELL,-0.54,16:12:55
BBVA,-1.77,16:13:01
CIE AUTOMOT.,-2.72,16:13:17
FERROVIAL,-0.5,16:13:24
IAG,-0.42,16:13:05
INDRA A,-1.87,16:13:18
MELIA HOTELS,-0.15,16:13:08
MERLIN,-0.37,16:13:26
ACCIONA,3.15,16:13:55
ACS,0.04,16:13:58
ALMIRALL,3.01,16:13:53
AMADEUS,0.03,16:06:58
CAIXABANK,0.8,16:13:50
CELLNEX,2.98,16:13:54
ENAGAS,0.84,16:13:58
ENDESA,2.83,16:13:54
FLUIDRA,0.62,16:13:54
GRIFOLS CL.A,0.89,16:13:42
IBERDROLA,4.04,16:13:58
INDITEX,1.11,16:13:51
INM.COLONIAL,0.42,16:12:52
MAPFRE,1.24,16:13:53
NATURGY,3.01,16:13:55
PHARMA MAR,1.19,16:13:55
R.E.C.,2.62,16:12:42
REPSOL,2.19,16:13:16
ROVI,1.33,16:14:00
SIEMENS GAME,6.48,16:13:54
SOLARIA,6.24,16:13:41
TELEFONICA,1.24,16:11:28
ACERINOX,-1.84,16:13:55
AENA,-0.86,16:12:52
ARCELORMIT.,-3.8,16:13:54
B.SANTANDER,-1.41,16:13:54
BA.SABADELL,-0.62,16:13:35
BBVA,-1.82,16:13:48
CIE AUTOMOT.,-2.72,16:13:31
FERROVIAL,-0.7,16:13:54
IAG,-0.42,16:13:05
INDRA A,-1.87,16:13:59
MELIA HOTELS,-0.23,16:13:58
MERLIN,-0.37,16:13:28
ACCIONA,3.21,16:13:55
ACS,0.04,16:13:58
ALMIRALL,3.01,16:13:53
AMADEUS,0.03,16:06:58
CAIXABANK,0.83,16:13:50
CELLNEX,2.98,16:13:54
ENAGAS,0.84,16:14:05
ENDESA,2.83,16:13:54
FLUIDRA,0.62,16:13:54
GRIFOLS CL.A,1.09,16:14:07
IBERDROLA,4.04,16:14:04
INDITEX,1.11,16:13:51
INM.COLONIAL,0.42,16:12:52
MAPFRE,1.24,16:13:53
NATURGY,3.01,16:13:55
PHARMA MAR,1.19,16:13:55
R.E.C.,2.62,16:12:42
REPSOL,2.1,16:14:05
ROVI,1.33,16:14:06
SIEMENS GAME,6.48,16:14:07
SOLARIA,6.38,16:13:41
TELEFONICA,1.22,16:11:28
ACERINOX,-1.84,16:13:55
AENA,-0.86,16:12:52
ARCELORMIT.,-3.8,16:13:54
B.SANTANDER,-1.38,16:14:07
BA.SABADELL,-0.62,16:13:35
BBVA,-1.79,16:13:48
CIE AUTOMOT.,-2.72,16:13:31
FERROVIAL,-0.7,16:14:08
IAG,-0.47,16:13:05
INDRA A,-1.87,16:13:59
MELIA HOTELS,-0.23,16:14:01
MERLIN,-0.37,16:14:07
ACCIONA,3.15,16:13:55
ACS,0.04,16:13:58
ALMIRALL,3.01,16:14:21
CAIXABANK,0.8,16:06:58
CELLNEX,2.93,16:14:21
ENAGAS,0.79,16:14:25
ENDESA,2.73,16:14:30
FLUIDRA,0.62,16:14:14
GRIFOLS CL.A,1.09,16:13:54
IBERDROLA,3.89,16:14:18
INDITEX,0.96,16:14:30
INM.COLONIAL,0.42,16:14:23
MAPFRE,1.13,16:12:52
NATURGY,2.98,16:14:34
PHARMA MAR,1.19,16:14:29
R.E.C.,2.6,16:13:55
REPSOL,2.06,16:12:42
ROVI,1.33,16:14:20
SIEMENS GAME,6.23,16:14:30
SOLARIA,6.33,16:14:34
TELEFONICA,1.26,16:14:11
ACERINOX,-1.84,16:11:28
AENA,-0.89,16:13:55
AMADEUS,-0.03,16:14:26
ARCELORMIT.,-3.85,16:14:25
B.SANTANDER,-1.43,16:14:07
BA.SABADELL,-0.54,16:14:15
BBVA,-1.8,16:13:48
CIE AUTOMOT.,-2.72,16:14:11
FERROVIAL,-0.7,16:14:26
IAG,-0.42,16:13:05
INDRA A,-1.87,16:14:34
MELIA HOTELS,-0.15,16:14:34
MERLIN,-0.37,16:14:28
